time_s,h_m,v_vert_mps,v_horiz_mps,E_total_J,E_drift_rel
0.00000000,3048.00000000,0.00000000,0.00000000,29900.88000000,0.00000000
0.03000000,3047.99558550,0.29430000,0.00000000,29900.88000000,-0.00000000
0.06000000,3047.98234200,0.58860000,0.00000000,29900.88000000,0.00000000
0.09000000,3047.96026950,0.88290000,0.00000000,29900.88000000,0.00000000
0.12000000,3047.92936800,1.17720000,0.00000000,29900.88000000,0.00000000
0.15000000,3047.88963750,1.47150000,0.00000000,29900.88000000,0.00000000
0.18000000,3047.84107800,1.76580000,0.00000000,29900.88000000,0.00000000
0.21000000,3047.78368950,2.06010000,0.00000000,29900.88000000,0.00000000
0.24000000,3047.71747200,2.35440000,0.00000000,29900.88000000,0.00000000
0.27000000,3047.64242550,2.64870000,0.00000000,29900.88000000,0.00000000
0.30000000,3047.55855000,2.94300000,0.00000000,29900.88000000,-0.00000000
0.33000000,3047.46584550,3.23730000,0.00000000,29900.88000000,0.00000000
0.36000000,3047.36431200,3.53160000,0.00000000,29900.88000000,-0.00000000
0.39000000,3047.25394950,3.82590000,0.00000000,29900.88000000,-0.00000000
0.42000000,3047.13475800,4.12020000,0.00000000,29900.88000000,-0.00000000
0.45000000,3047.00673750,4.41450000,0.00000000,29900.88000000,0.00000000
0.48000000,3046.86988800,4.70880000,0.00000000,29900.88000000,-0.00000000
0.51000000,3046.72420950,5.00310000,0.00000000,29900.88000000,-0.00000000
0.54000000,3046.56970200,5.29740000,0.00000000,29900.88000000,-0.00000000
0.57000000,3046.40636550,5.59170000,0.00000000,29900.88000000,0.00000000
0.60000000,3046.23420000,5.88600000,0.00000000,29900.88000000,0.00000000
0.63000000,3046.05320550,6.18030000,0.00000000,29900.88000000,0.00000000
0.66000000,3045.86338200,6.47460000,0.00000000,29900.88000000,0.00000000
0.69000000,3045.66472950,6.76890000,0.00000000,29900.88000000,0.00000000
0.72000000,3045.45724800,7.06320000,0.00000000,29900.88000000,0.00000000
0.75000000,3045.24093750,7.35750000,0.00000000,29900.88000000,0.00000000
0.78000000,3045.01579800,7.65180000,0.00000000,29900.88000000,0.00000000
0.81000000,3044.78182950,7.94610000,0.00000000,29900.88000000,0.00000000
0.84000000,3044.53903200,8.24040000,0.00000000,29900.88000000,-0.00000000
0.87000000,3044.28740550,8.53470000,0.00000000,29900.88000000,0.00000000
0.90000000,3044.02695000,8.82900000,0.00000000,29900.88000000,0.00000000
0.93000000,3043.75766550,9.12330000,0.00000000,29900.88000000,-0.00000000
0.96000000,3043.47955200,9.41760000,0.00000000,29900.88000000,0.00000000
0.99000000,3043.19260950,9.71190000,0.00000000,29900.88000000,0.00000000
1.02000000,3042.89683800,10.00620000,0.00000000,29900.88000000,0.00000000
1.05000000,3042.59223750,10.30050000,0.00000000,29900.88000000,0.00000000
1.08000000,3042.27880800,10.59480000,0.00000000,29900.88000000,0.00000000
1.11000000,3041.95654950,10.88910000,0.00000000,29900.88000000,0.00000000
1.14000000,3041.62546200,11.18340000,0.00000000,29900.88000000,0.00000000
1.17000000,3041.28554550,11.47770000,0.00000000,29900.88000000,-0.00000000
1.20000000,3040.93680000,11.77200000,0.00000000,29900.88000000,-0.00000000
1.23000000,3040.57922550,12.06630000,0.00000000,29900.88000000,0.00000000
1.26000000,3040.21282200,12.36060000,0.00000000,29900.88000000,0.00000000
1.29000000,3039.83758950,12.65490000,0.00000000,29900.88000000,0.00000000
1.32000000,3039.45352800,12.94920000,0.00000000,29900.88000000,0.00000000
1.35000000,3039.06063750,13.24350000,0.00000000,29900.88000000,0.00000000
1.38000000,3038.65891800,13.53780000,0.00000000,29900.88000000,0.00000000
1.41000000,3038.24836950,13.83210000,0.00000000,29900.88000000,0.00000000
1.44000000,3037.82899200,14.12640000,0.00000000,29900.88000000,0.00000000
1.47000000,3037.40078550,14.42070000,0.00000000,29900.88000000,0.00000000
1.50000000,3036.96375000,14.71500000,0.00000000,29900.88000000,0.00000000
1.53000000,3036.51788550,15.00930000,0.00000000,29900.88000000,0.00000000
1.56000000,3036.06319200,15.30360000,0.00000000,29900.88000000,0.00000000
1.59000000,3035.59966950,15.59790000,0.00000000,29900.88000000,0.00000000
1.62000000,3035.12731800,15.89220000,0.00000000,29900.88000000,0.00000000
1.65000000,3034.64613750,16.18650000,0.00000000,29900.88000000,0.00000000
1.68000000,3034.15612800,16.48080000,0.00000000,29900.88000000,0.00000000
1.71000000,3033.65728950,16.77510000,0.00000000,29900.88000000,0.00000000
1.74000000,3033.14962200,17.06940000,0.00000000,29900.88000000,-0.00000000
1.77000000,3032.63312550,17.36370000,0.00000000,29900.88000000,0.00000000
1.80000000,3032.10780000,17.65800000,0.00000000,29900.88000000,0.00000000
1.83000000,3031.57364550,17.95230000,0.00000000,29900.88000000,0.00000000
1.86000000,3031.03066200,18.24660000,0.00000000,29900.88000000,0.00000000
1.89000000,3030.47884950,18.54090000,0.00000000,29900.88000000,0.00000000
1.92000000,3029.91820800,18.83520000,0.00000000,29900.88000000,0.00000000
1.95000000,3029.34873750,19.12950000,0.00000000,29900.88000000,0.00000000
1.98000000,3028.77043800,19.42380000,0.00000000,29900.88000000,0.00000000
2.01000000,3028.18330950,19.71810000,0.00000000,29900.88000000,0.00000000
2.04000000,3027.58735200,20.01240000,0.00000000,29900.88000000,0.00000000
2.07000000,3026.98256550,20.30670000,0.00000000,29900.88000000,-0.00000000
2.10000000,3026.36895000,20.60100000,0.00000000,29900.88000000,0.00000000
2.13000000,3025.74650550,20.89530000,0.00000000,29900.88000000,0.00000000
2.16000000,3025.11523200,21.18960000,0.00000000,29900.88000000,0.00000000
2.19000000,3024.47512950,21.48390000,0.00000000,29900.88000000,0.00000000
2.22000000,3023.82619800,21.77820000,0.00000000,29900.88000000,0.00000000
2.25000000,3023.16843750,22.07250000,0.00000000,29900.88000000,0.00000000
2.28000000,3022.50184800,22.36680000,0.00000000,29900.88000000,0.00000000
2.31000000,3021.82642950,22.66110000,0.00000000,29900.88000000,0.00000000
2.34000000,3021.14218200,22.95540000,0.00000000,29900.88000000,0.00000000
2.37000000,3020.44910550,23.24970000,0.00000000,29900.88000000,-0.00000000
2.40000000,3019.74720000,23.54400000,0.00000000,29900.88000000,0.00000000
2.43000000,3019.03646550,23.83830000,0.00000000,29900.88000000,0.00000000
2.46000000,3018.31690200,24.13260000,0.00000000,29900.88000000,0.00000000
2.49000000,3017.58850950,24.42690000,0.00000000,29900.88000000,0.00000000
2.52000000,3016.85128800,24.72120000,0.00000000,29900.88000000,0.00000000
2.55000000,3016.10523750,25.01550000,0.00000000,29900.88000000,0.00000000
2.58000000,3015.35035800,25.30980000,0.00000000,29900.88000000,0.00000000
2.61000000,3014.58664950,25.60410000,0.00000000,29900.88000000,0.00000000
2.64000000,3013.81411200,25.89840000,0.00000000,29900.88000000,0.00000000
2.67000000,3013.03274550,26.19270000,0.00000000,29900.88000000,0.00000000
2.70000000,3012.24255000,26.48700000,0.00000000,29900.88000000,0.00000000
2.73000000,3011.44352550,26.78130000,0.00000000,29900.88000000,0.00000000
2.76000000,3010.63567200,27.07560000,0.00000000,29900.88000000,0.00000000
2.79000000,3009.81898950,27.36990000,0.00000000,29900.88000000,0.00000000
2.82000000,3008.99347800,27.66420000,0.00000000,29900.88000000,0.00000000
2.85000000,3008.15913750,27.95850000,0.00000000,29900.88000000,0.00000000
2.88000000,3007.31596800,28.25280000,0.00000000,29900.88000000,0.00000000
2.91000000,3006.46396950,28.54710000,0.00000000,29900.88000000,0.00000000
2.94000000,3005.60314200,28.84140000,0.00000000,29900.88000000,0.00000000
2.97000000,3004.73348550,29.13570000,0.00000000,29900.88000000,0.00000000
3.00000000,3003.85500000,29.43000000,0.00000000,29900.88000000,0.00000000
3.03000000,3002.96768550,29.72430000,0.00000000,29900.88000000,0.00000000
3.06000000,3002.07154200,30.01860000,0.00000000,29900.88000000,0.00000000
3.09000000,3001.16656950,30.31290000,0.00000000,29900.88000000,0.00000000
3.12000000,3000.25276800,30.60720000,0.00000000,29900.88000000,0.00000000
3.15000000,2999.33013750,30.90150000,0.00000000,29900.88000000,0.00000000
3.18000000,2998.39867800,31.19580000,0.00000000,29900.88000000,0.00000000
3.21000000,2997.45838950,31.49010000,0.00000000,29900.88000000,0.00000000
3.24000000,2996.50927200,31.78440000,0.00000000,29900.88000000,0.00000000
3.27000000,2995.55132550,32.07870000,0.00000000,29900.88000000,0.00000000
3.30000000,2994.58455000,32.37300000,0.00000000,29900.88000000,0.00000000
3.33000000,2993.60894550,32.66730000,0.00000000,29900.88000000,0.00000000
3.36000000,2992.62451200,32.96160000,0.00000000,29900.88000000,0.00000000
3.39000000,2991.63124950,33.25590000,0.00000000,29900.88000000,0.00000000
3.42000000,2990.62915800,33.55020000,0.00000000,29900.88000000,0.00000000
3.45000000,2989.61823750,33.84450000,0.00000000,29900.88000000,0.00000000
3.48000000,2988.59848800,34.13880000,0.00000000,29900.88000000,0.00000000
3.51000000,2987.56990950,34.43310000,0.00000000,29900.88000000,0.00000000
3.54000000,2986.53250200,34.72740000,0.00000000,29900.88000000,0.00000000
3.57000000,2985.48626550,35.02170000,0.00000000,29900.88000000,0.00000000
3.60000000,2984.43120000,35.31600000,0.00000000,29900.88000000,0.00000000
3.63000000,2983.36730550,35.61030000,0.00000000,29900.88000000,0.00000000
3.66000000,2982.29458200,35.90460000,0.00000000,29900.88000000,0.00000000
3.69000000,2981.21302950,36.19890000,0.00000000,29900.88000000,0.00000000
3.72000000,2980.12264800,36.49320000,0.00000000,29900.88000000,-0.00000000
3.75000000,2979.02343750,36.78750000,0.00000000,29900.88000000,0.00000000
3.78000000,2977.91539800,37.08180000,0.00000000,29900.88000000,0.00000000
3.81000000,2976.79852950,37.37610000,0.00000000,29900.88000000,0.00000000
3.84000000,2975.67283200,37.67040000,0.00000000,29900.88000000,0.00000000
3.87000000,2974.53830550,37.96470000,0.00000000,29900.88000000,0.00000000
3.90000000,2973.39495000,38.25900000,0.00000000,29900.88000000,0.00000000
3.93000000,2972.24276550,38.55330000,0.00000000,29900.88000000,0.00000000
3.96000000,2971.08175200,38.84760000,0.00000000,29900.88000000,0.00000000
3.99000000,2969.91190950,39.14190000,0.00000000,29900.88000000,0.00000000
4.02000000,2968.73323800,39.43620000,0.00000000,29900.88000000,0.00000000
4.05000000,2967.54573750,39.73050000,0.00000000,29900.88000000,0.00000000
4.08000000,2966.34940800,40.02480000,0.00000000,29900.88000000,0.00000000
4.11000000,2965.14424950,40.31910000,0.00000000,29900.88000000,0.00000000
4.14000000,2963.93026200,40.61340000,0.00000000,29900.88000000,0.00000000
4.17000000,2962.70744550,40.90770000,0.00000000,29900.88000000,0.00000000
4.20000000,2961.47580000,41.20200000,0.00000000,29900.88000000,0.00000000
4.23000000,2960.23532550,41.49630000,0.00000000,29900.88000000,0.00000000
4.26000000,2958.98602200,41.79060000,0.00000000,29900.88000000,-0.00000000
4.29000000,2957.72788950,42.08490000,0.00000000,29900.88000000,0.00000000
4.32000000,2956.46092800,42.37920000,0.00000000,29900.88000000,0.00000000
4.35000000,2955.18513750,42.67350000,0.00000000,29900.88000000,0.00000000
4.38000000,2953.90051800,42.96780000,0.00000000,29900.88000000,0.00000000
4.41000000,2952.60706950,43.26210000,0.00000000,29900.88000000,-0.00000000
4.44000000,2951.30479200,43.55640000,0.00000000,29900.88000000,0.00000000
4.47000000,2949.99368550,43.85070000,0.00000000,29900.88000000,0.00000000
4.50000000,2948.67375000,44.14500000,0.00000000,29900.88000000,-0.00000000
4.53000000,2947.34498550,44.43930000,0.00000000,29900.88000000,0.00000000
4.56000000,2946.00739200,44.73360000,0.00000000,29900.88000000,-0.00000000
4.59000000,2944.66096950,45.02790000,0.00000000,29900.88000000,0.00000000
4.62000000,2943.30571800,45.32220000,0.00000000,29900.88000000,0.00000000
4.65000000,2941.94163750,45.61650000,0.00000000,29900.88000000,0.00000000
4.68000000,2940.56872800,45.91080000,0.00000000,29900.88000000,0.00000000
4.71000000,2939.18698950,46.20510000,0.00000000,29900.88000000,0.00000000
4.74000000,2937.79642200,46.49940000,0.00000000,29900.88000000,0.00000000
4.77000000,2936.39702550,46.79370000,0.00000000,29900.88000000,0.00000000
4.80000000,2934.98880000,47.08800000,0.00000000,29900.88000000,0.00000000
4.83000000,2933.57174550,47.38230000,0.00000000,29900.88000000,-0.00000000
4.86000000,2932.14586200,47.67660000,0.00000000,29900.88000000,-0.00000000
4.89000000,2930.71114950,47.97090000,0.00000000,29900.88000000,-0.00000000
4.92000000,2929.26760800,48.26520000,0.00000000,29900.88000000,0.00000000
4.95000000,2927.81523750,48.55950000,0.00000000,29900.88000000,-0.00000000
4.98000000,2926.35403800,48.85380000,0.00000000,29900.88000000,0.00000000
5.01000000,2924.88400950,49.14810000,0.00000000,29900.88000000,0.00000000
5.04000000,2923.40515200,49.44240000,0.00000000,29900.88000000,0.00000000
5.07000000,2921.91746550,49.73670000,0.00000000,29900.88000000,0.00000000
5.10000000,2920.42095000,50.03100000,0.00000000,29900.88000000,0.00000000
5.13000000,2918.91560550,50.32530000,0.00000000,29900.88000000,0.00000000
5.16000000,2917.40143200,50.61960000,0.00000000,29900.88000000,0.00000000
5.19000000,2915.87842950,50.91390000,0.00000000,29900.88000000,0.00000000
5.22000000,2914.34659800,51.20820000,0.00000000,29900.88000000,0.00000000
5.25000000,2912.80593750,51.50250000,0.00000000,29900.88000000,0.00000000
5.28000000,2911.25644800,51.79680000,0.00000000,29900.88000000,0.00000000
5.31000000,2909.69812950,52.09110000,0.00000000,29900.88000000,0.00000000
5.34000000,2908.13098200,52.38540000,0.00000000,29900.88000000,0.00000000
5.37000000,2906.55500550,52.67970000,0.00000000,29900.88000000,0.00000000
5.40000000,2904.97020000,52.97400000,0.00000000,29900.88000000,0.00000000
5.43000000,2903.37656550,53.26830000,0.00000000,29900.88000000,0.00000000
5.46000000,2901.77410200,53.56260000,0.00000000,29900.88000000,0.00000000
5.49000000,2900.16280950,53.85690000,0.00000000,29900.88000000,-0.00000000
5.52000000,2898.54268800,54.15120000,0.00000000,29900.88000000,-0.00000000
5.55000000,2896.91373750,54.44550000,0.00000000,29900.88000000,0.00000000
5.58000000,2895.27595800,54.73980000,0.00000000,29900.88000000,0.00000000
5.61000000,2893.62934950,55.03410000,0.00000000,29900.88000000,-0.00000000
5.64000000,2891.97391200,55.32840000,0.00000000,29900.88000000,-0.00000000
5.67000000,2890.30964550,55.62270000,0.00000000,29900.88000000,0.00000000
5.70000000,2888.63655000,55.91700000,0.00000000,29900.88000000,0.00000000
5.73000000,2886.95462550,56.21130000,0.00000000,29900.88000000,0.00000000
5.76000000,2885.26387200,56.50560000,0.00000000,29900.88000000,-0.00000000
5.79000000,2883.56428950,56.79990000,0.00000000,29900.88000000,0.00000000
5.82000000,2881.85587800,57.09420000,0.00000000,29900.88000000,0.00000000
5.85000000,2880.13863750,57.38850000,0.00000000,29900.88000000,0.00000000
5.88000000,2878.41256800,57.68280000,0.00000000,29900.88000000,0.00000000
5.91000000,2876.67766950,57.97710000,0.00000000,29900.88000000,0.00000000
5.94000000,2874.93394200,58.27140000,0.00000000,29900.88000000,0.00000000
5.97000000,2873.18138550,58.56570000,0.00000000,29900.88000000,0.00000000
6.00000000,2871.42000000,58.86000000,0.00000000,29900.88000000,0.00000000
6.03000000,2869.64978550,59.15430000,0.00000000,29900.88000000,0.00000000
6.06000000,2867.87074200,59.44860000,0.00000000,29900.88000000,0.00000000
6.09000000,2866.08286950,59.74290000,0.00000000,29900.88000000,0.00000000
6.12000000,2864.28616800,60.03720000,0.00000000,29900.88000000,0.00000000
6.15000000,2862.48063750,60.33150000,0.00000000,29900.88000000,0.00000000
6.18000000,2860.66627800,60.62580000,0.00000000,29900.88000000,0.00000000
6.21000000,2858.84308950,60.92010000,0.00000000,29900.88000000,-0.00000000
6.24000000,2857.01107200,61.21440000,0.00000000,29900.88000000,0.00000000
6.27000000,2855.17022550,61.50870000,0.00000000,29900.88000000,-0.00000000
6.30000000,2853.32055000,61.80300000,0.00000000,29900.88000000,0.00000000
6.33000000,2851.46204550,62.09730000,0.00000000,29900.88000000,0.00000000
6.36000000,2849.59471200,62.39160000,0.00000000,29900.88000000,0.00000000
6.39000000,2847.71854950,62.68590000,0.00000000,29900.88000000,0.00000000
6.42000000,2845.83355800,62.98020000,0.00000000,29900.88000000,-0.00000000
6.45000000,2843.93973750,63.27450000,0.00000000,29900.88000000,-0.00000000
6.48000000,2842.03708800,63.56880000,0.00000000,29900.88000000,-0.00000000
6.51000000,2840.12560950,63.86310000,0.00000000,29900.88000000,0.00000000
6.54000000,2838.20530200,64.15740000,0.00000000,29900.88000000,-0.00000000
6.57000000,2836.27616550,64.45170000,0.00000000,29900.88000000,0.00000000
6.60000000,2834.33820000,64.74600000,0.00000000,29900.88000000,0.00000000
6.63000000,2832.39140550,65.04030000,0.00000000,29900.88000000,-0.00000000
6.66000000,2830.43578200,65.33460000,0.00000000,29900.88000000,0.00000000
6.69000000,2828.47132950,65.62890000,0.00000000,29900.88000000,0.00000000
6.72000000,2826.49804800,65.92320000,0.00000000,29900.88000000,0.00000000
6.75000000,2824.51593750,66.21750000,0.00000000,29900.88000000,0.00000000
6.78000000,2822.52499800,66.51180000,0.00000000,29900.88000000,0.00000000
6.81000000,2820.52522950,66.80610000,0.00000000,29900.88000000,0.00000000
6.84000000,2818.51663200,67.10040000,0.00000000,29900.88000000,0.00000000
6.87000000,2816.49920550,67.39470000,0.00000000,29900.88000000,0.00000000
6.90000000,2814.47295000,67.68900000,0.00000000,29900.88000000,0.00000000
6.93000000,2812.43786550,67.98330000,0.00000000,29900.88000000,0.00000000
6.96000000,2810.39395200,68.27760000,0.00000000,29900.88000000,0.00000000
6.99000000,2808.34120950,68.57190000,0.00000000,29900.88000000,0.00000000
7.02000000,2806.27963800,68.86620000,0.00000000,29900.88000000,0.00000000
7.05000000,2804.20923750,69.16050000,0.00000000,29900.88000000,0.00000000
7.08000000,2802.13000800,69.45480000,0.00000000,29900.88000000,0.00000000
7.11000000,2800.04194950,69.74910000,0.00000000,29900.88000000,0.00000000
7.14000000,2797.94506200,70.04340000,0.00000000,29900.88000000,0.00000000
7.17000000,2795.83934550,70.33770000,0.00000000,29900.88000000,0.00000000
7.20000000,2793.72480000,70.63200000,0.00000000,29900.88000000,0.00000000
7.23000000,2791.60142550,70.92630000,0.00000000,29900.88000000,0.00000000
7.26000000,2789.46922200,71.22060000,0.00000000,29900.88000000,0.00000000
7.29000000,2787.32818950,71.51490000,0.00000000,29900.88000000,0.00000000
7.32000000,2785.17832800,71.80920000,0.00000000,29900.88000000,0.00000000
7.35000000,2783.01963750,72.10350000,0.00000000,29900.88000000,0.00000000
7.38000000,2780.85211800,72.39780000,0.00000000,29900.88000000,0.00000000
7.41000000,2778.67576950,72.69210000,0.00000000,29900.88000000,0.00000000
7.44000000,2776.49059200,72.98640000,0.00000000,29900.88000000,0.00000000
7.47000000,2774.29658550,73.28070000,0.00000000,29900.88000000,0.00000000
7.50000000,2772.09375000,73.57500000,0.00000000,29900.88000000,0.00000000
7.53000000,2769.88208550,73.86930000,0.00000000,29900.88000000,0.00000000
7.56000000,2767.66159200,74.16360000,0.00000000,29900.88000000,0.00000000
7.59000000,2765.43226950,74.45790000,0.00000000,29900.88000000,0.00000000
7.62000000,2763.19411800,74.75220000,0.00000000,29900.88000000,0.00000000
7.65000000,2760.94713750,75.04650000,0.00000000,29900.88000000,0.00000000
7.68000000,2758.69132800,75.34080000,0.00000000,29900.88000000,0.00000000
7.71000000,2756.42668950,75.63510000,0.00000000,29900.88000000,0.00000000
7.74000000,2754.15322200,75.92940000,0.00000000,29900.88000000,0.00000000
7.77000000,2751.87092550,76.22370000,0.00000000,29900.88000000,0.00000000
7.80000000,2749.57980000,76.51800000,0.00000000,29900.88000000,0.00000000
7.83000000,2747.27984550,76.81230000,0.00000000,29900.88000000,0.00000000
7.86000000,2744.97106200,77.10660000,0.00000000,29900.88000000,0.00000000
7.89000000,2742.65344950,77.40090000,0.00000000,29900.88000000,0.00000000
7.92000000,2740.32700800,77.69520000,0.00000000,29900.88000000,0.00000000
7.95000000,2737.99173750,77.98950000,0.00000000,29900.88000000,0.00000000
7.98000000,2735.64763800,78.28380000,0.00000000,29900.88000000,0.00000000
8.01000000,2733.29470950,78.57810000,0.00000000,29900.88000000,0.00000000
8.04000000,2730.93295200,78.87240000,0.00000000,29900.88000000,0.00000000
8.07000000,2728.56236550,79.16670000,0.00000000,29900.88000000,0.00000000
8.10000000,2726.18295000,79.46100000,0.00000000,29900.88000000,0.00000000
8.13000000,2723.79470550,79.75530000,0.00000000,29900.88000000,0.00000000
8.16000000,2721.39763200,80.04960000,0.00000000,29900.88000000,0.00000000
8.19000000,2718.99172950,80.34390000,0.00000000,29900.88000000,0.00000000
8.22000000,2716.57699800,80.63820000,0.00000000,29900.88000000,0.00000000
8.25000000,2714.15343750,80.93250000,0.00000000,29900.88000000,0.00000000
8.28000000,2711.72104800,81.22680000,0.00000000,29900.88000000,0.00000000
8.31000000,2709.27982950,81.52110000,0.00000000,29900.88000000,0.00000000
8.34000000,2706.82978200,81.81540000,0.00000000,29900.88000000,0.00000000
8.37000000,2704.37090550,82.10970000,0.00000000,29900.88000000,0.00000000
8.40000000,2701.90320000,82.40400000,0.00000000,29900.88000000,0.00000000
8.43000000,2699.42666550,82.69830000,0.00000000,29900.88000000,0.00000000
8.46000000,2696.94130200,82.99260000,0.00000000,29900.88000000,0.00000000
8.49000000,2694.44710950,83.28690000,0.00000000,29900.88000000,0.00000000
8.52000000,2691.94408800,83.58120000,0.00000000,29900.88000000,0.00000000
8.55000000,2689.43223750,83.87550000,0.00000000,29900.88000000,0.00000000
8.58000000,2686.91155800,84.16980000,0.00000000,29900.88000000,0.00000000
8.61000000,2684.38204950,84.46410000,0.00000000,29900.88000000,0.00000000
8.64000000,2681.84371200,84.75840000,0.00000000,29900.88000000,0.00000000
8.67000000,2679.29654550,85.05270000,0.00000000,29900.88000000,0.00000000
8.70000000,2676.74055000,85.34700000,0.00000000,29900.88000000,0.00000000
8.73000000,2674.17572550,85.64130000,0.00000000,29900.88000000,0.00000000
8.76000000,2671.60207200,85.93560000,0.00000000,29900.88000000,0.00000000
8.79000000,2669.01958950,86.22990000,0.00000000,29900.88000000,0.00000000
8.82000000,2666.42827800,86.52420000,0.00000000,29900.88000000,0.00000000
8.85000000,2663.82813750,86.81850000,0.00000000,29900.88000000,0.00000000
8.88000000,2661.21916800,87.11280000,0.00000000,29900.88000000,0.00000000
8.91000000,2658.60136950,87.40710000,0.00000000,29900.88000000,0.00000000
8.94000000,2655.97474200,87.70140000,0.00000000,29900.88000000,0.00000000
8.97000000,2653.33928550,87.99570000,0.00000000,29900.88000000,0.00000000
9.00000000,2650.69500000,88.29000000,0.00000000,29900.88000000,0.00000000
9.03000000,2648.04188550,88.58430000,0.00000000,29900.88000000,0.00000000
9.06000000,2645.37994200,88.87860000,0.00000000,29900.88000000,0.00000000
9.09000000,2642.70916950,89.17290000,0.00000000,29900.88000000,0.00000000
9.12000000,2640.02956800,89.46720000,0.00000000,29900.88000000,0.00000000
9.15000000,2637.34113750,89.76150000,0.00000000,29900.88000000,0.00000000
9.18000000,2634.64387800,90.05580000,0.00000000,29900.88000000,0.00000000
9.21000000,2631.93778950,90.35010000,0.00000000,29900.88000000,0.00000000
9.24000000,2629.22287200,90.64440000,0.00000000,29900.88000000,0.00000000
9.27000000,2626.49912550,90.93870000,0.00000000,29900.88000000,0.00000000
9.30000000,2623.76655000,91.23300000,0.00000000,29900.88000000,0.00000000
9.33000000,2621.02514550,91.52730000,0.00000000,29900.88000000,0.00000000
9.36000000,2618.27491200,91.82160000,0.00000000,29900.88000000,0.00000000
9.39000000,2615.51584950,92.11590000,0.00000000,29900.88000000,0.00000000
9.42000000,2612.74795800,92.41020000,0.00000000,29900.88000000,0.00000000
9.45000000,2609.97123750,92.70450000,0.00000000,29900.88000000,0.00000000
9.48000000,2607.18568800,92.99880000,0.00000000,29900.88000000,0.00000000
9.51000000,2604.39130950,93.29310000,0.00000000,29900.88000000,0.00000000
9.54000000,2601.58810200,93.58740000,0.00000000,29900.88000000,0.00000000
9.57000000,2598.77606550,93.88170000,0.00000000,29900.88000000,0.00000000
9.60000000,2595.95520000,94.17600000,0.00000000,29900.88000000,0.00000000
9.63000000,2593.12550550,94.47030000,0.00000000,29900.88000000,0.00000000
9.66000000,2590.28698200,94.76460000,0.00000000,29900.88000000,0.00000000
9.69000000,2587.43962950,95.05890000,0.00000000,29900.88000000,0.00000000
9.72000000,2584.58344800,95.35320000,0.00000000,29900.88000000,0.00000000
9.75000000,2581.71843750,95.64750000,0.00000000,29900.88000000,0.00000000
9.78000000,2578.84459800,95.94180000,0.00000000,29900.88000000,0.00000000
9.81000000,2575.96192950,96.23610000,0.00000000,29900.88000000,0.00000000
9.84000000,2573.07043200,96.53040000,0.00000000,29900.88000000,0.00000000
9.87000000,2570.17010550,96.82470000,0.00000000,29900.88000000,0.00000000
9.90000000,2567.26095000,97.11900000,0.00000000,29900.88000000,0.00000000
9.93000000,2564.34296550,97.41330000,0.00000000,29900.88000000,0.00000000
9.96000000,2561.41615200,97.70760000,0.00000000,29900.88000000,0.00000000
9.99000000,2558.48050950,98.00190000,0.00000000,29900.88000000,0.00000000
10.02000000,2555.53603800,98.29620000,0.00000000,29900.88000000,0.00000000
10.05000000,2552.58273750,98.59050000,0.00000000,29900.88000000,0.00000000
10.08000000,2549.62060800,98.88480000,0.00000000,29900.88000000,0.00000000
10.11000000,2546.64964950,99.17910000,0.00000000,29900.88000000,0.00000000
10.14000000,2543.66986200,99.47340000,0.00000000,29900.88000000,0.00000000
10.17000000,2540.68124550,99.76770000,0.00000000,29900.88000000,0.00000000
10.20000000,2537.68380000,100.06200000,0.00000000,29900.88000000,0.00000000
10.23000000,2534.67752550,100.35630000,0.00000000,29900.88000000,0.00000000
10.26000000,2531.66242200,100.65060000,0.00000000,29900.88000000,0.00000000
10.29000000,2528.63848950,100.94490000,0.00000000,29900.88000000,0.00000000
10.32000000,2525.60572800,101.23920000,0.00000000,29900.88000000,0.00000000
10.35000000,2522.56413750,101.53350000,0.00000000,29900.88000000,0.00000000
10.38000000,2519.51371800,101.82780000,0.00000000,29900.88000000,0.00000000
10.41000000,2516.45446950,102.12210000,0.00000000,29900.88000000,0.00000000
10.44000000,2513.38639200,102.41640000,0.00000000,29900.88000000,0.00000000
10.47000000,2510.30948550,102.71070000,0.00000000,29900.88000000,0.00000000
10.50000000,2507.22375000,103.00500000,0.00000000,29900.88000000,0.00000000
10.53000000,2504.12918550,103.29930000,0.00000000,29900.88000000,0.00000000
10.56000000,2501.02579200,103.59360000,0.00000000,29900.88000000,0.00000000
10.59000000,2497.91356950,103.88790000,0.00000000,29900.88000000,0.00000000
10.62000000,2494.79251800,104.18220000,0.00000000,29900.88000000,0.00000000
10.65000000,2491.66263750,104.47650000,0.00000000,29900.88000000,0.00000000
10.68000000,2488.52392800,104.77080000,0.00000000,29900.88000000,0.00000000
10.71000000,2485.37638950,105.06510000,0.00000000,29900.88000000,0.00000000
10.74000000,2482.22002200,105.35940000,0.00000000,29900.88000000,0.00000000
10.77000000,2479.05482550,105.65370000,0.00000000,29900.88000000,0.00000000
10.80000000,2475.88080000,105.94800000,0.00000000,29900.88000000,0.00000000
10.83000000,2472.69794550,106.24230000,0.00000000,29900.88000000,0.00000000
10.86000000,2469.50626200,106.53660000,0.00000000,29900.88000000,0.00000000
10.89000000,2466.30574950,106.83090000,0.00000000,29900.88000000,0.00000000
10.92000000,2463.09640800,107.12520000,0.00000000,29900.88000000,0.00000000
10.95000000,2459.87823750,107.41950000,0.00000000,29900.88000000,0.00000000
10.98000000,2456.65123800,107.71380000,0.00000000,29900.88000000,0.00000000
11.01000000,2453.41540950,108.00810000,0.00000000,29900.88000000,0.00000000
11.04000000,2450.17075200,108.30240000,0.00000000,29900.88000000,0.00000000
11.07000000,2446.91726550,108.59670000,0.00000000,29900.88000000,0.00000000
11.10000000,2443.65495000,108.89100000,0.00000000,29900.88000000,0.00000000
11.13000000,2440.38380550,109.18530000,0.00000000,29900.88000000,0.00000000
11.16000000,2437.10383200,109.47960000,0.00000000,29900.88000000,0.00000000
11.19000000,2433.81502950,109.77390000,0.00000000,29900.88000000,0.00000000
11.22000000,2430.51739800,110.06820000,0.00000000,29900.88000000,0.00000000
11.25000000,2427.21093750,110.36250000,0.00000000,29900.88000000,0.00000000
11.28000000,2423.89564800,110.65680000,0.00000000,29900.88000000,0.00000000
11.31000000,2420.57152950,110.95110000,0.00000000,29900.88000000,0.00000000
11.34000000,2417.23858200,111.24540000,0.00000000,29900.88000000,0.00000000
11.37000000,2413.89680550,111.53970000,0.00000000,29900.88000000,0.00000000
11.40000000,2410.54620000,111.83400000,0.00000000,29900.88000000,0.00000000
11.43000000,2407.18676550,112.12830000,0.00000000,29900.88000000,0.00000000
11.46000000,2403.81850200,112.42260000,0.00000000,29900.88000000,0.00000000
11.49000000,2400.44140950,112.71690000,0.00000000,29900.88000000,0.00000000
11.52000000,2397.05548800,113.01120000,0.00000000,29900.88000000,0.00000000
11.55000000,2393.66073750,113.30550000,0.00000000,29900.88000000,0.00000000
11.58000000,2390.25715800,113.59980000,0.00000000,29900.88000000,0.00000000
11.61000000,2386.84474950,113.89410000,0.00000000,29900.88000000,0.00000000
11.64000000,2383.42351200,114.18840000,0.00000000,29900.88000000,0.00000000
11.67000000,2379.99344550,114.48270000,0.00000000,29900.88000000,0.00000000
11.70000000,2376.55455000,114.77700000,0.00000000,29900.88000000,0.00000000
11.73000000,2373.10682550,115.07130000,0.00000000,29900.88000000,0.00000000
11.76000000,2369.65027200,115.36560000,0.00000000,29900.88000000,0.00000000
11.79000000,2366.18488950,115.65990000,0.00000000,29900.88000000,0.00000000
11.82000000,2362.71067800,115.95420000,0.00000000,29900.88000000,0.00000000
11.85000000,2359.22763750,116.24850000,0.00000000,29900.88000000,0.00000000
11.88000000,2355.73576800,116.54280000,0.00000000,29900.88000000,0.00000000
11.91000000,2352.23506950,116.83710000,0.00000000,29900.88000000,0.00000000
11.94000000,2348.72554200,117.13140000,0.00000000,29900.88000000,0.00000000
11.97000000,2345.20718550,117.42570000,0.00000000,29900.88000000,0.00000000
12.00000000,2341.68000000,117.72000000,0.00000000,29900.88000000,0.00000000
12.03000000,2338.14398550,118.01430000,0.00000000,29900.88000000,0.00000000
12.06000000,2334.59914200,118.30860000,0.00000000,29900.88000000,0.00000000
12.09000000,2331.04546950,118.60290000,0.00000000,29900.88000000,0.00000000
12.12000000,2327.48296800,118.89720000,0.00000000,29900.88000000,0.00000000
12.15000000,2323.91163750,119.19150000,0.00000000,29900.88000000,0.00000000
12.18000000,2320.33147800,119.48580000,0.00000000,29900.88000000,0.00000000
12.21000000,2316.74248950,119.78010000,0.00000000,29900.88000000,0.00000000
12.24000000,2313.14467200,120.07440000,0.00000000,29900.88000000,0.00000000
12.27000000,2309.53802550,120.36870000,0.00000000,29900.88000000,0.00000000
12.30000000,2305.92255000,120.66300000,0.00000000,29900.88000000,0.00000000
12.33000000,2302.29824550,120.95730000,0.00000000,29900.88000000,0.00000000
12.36000000,2298.66511200,121.25160000,0.00000000,29900.88000000,0.00000000
12.39000000,2295.02314950,121.54590000,0.00000000,29900.88000000,0.00000000
12.42000000,2291.37235800,121.84020000,0.00000000,29900.88000000,0.00000000
12.45000000,2287.71273750,122.13450000,0.00000000,29900.88000000,0.00000000
12.48000000,2284.04428800,122.42880000,0.00000000,29900.88000000,0.00000000
12.51000000,2280.36700950,122.72310000,0.00000000,29900.88000000,0.00000000
12.54000000,2276.68090200,123.01740000,0.00000000,29900.88000000,0.00000000
12.57000000,2272.98596550,123.31170000,0.00000000,29900.88000000,0.00000000
12.60000000,2269.28220000,123.60600000,0.00000000,29900.88000000,0.00000000
12.63000000,2265.56960550,123.90030000,0.00000000,29900.88000000,0.00000000
12.66000000,2261.84818200,124.19460000,0.00000000,29900.88000000,0.00000000
12.69000000,2258.11792950,124.48890000,0.00000000,29900.88000000,0.00000000
12.72000000,2254.37884800,124.78320000,0.00000000,29900.88000000,0.00000000
12.75000000,2250.63093750,125.07750000,0.00000000,29900.88000000,0.00000000
12.78000000,2246.87419800,125.37180000,0.00000000,29900.88000000,0.00000000
12.81000000,2243.10862950,125.66610000,0.00000000,29900.88000000,0.00000000
12.84000000,2239.33423200,125.96040000,0.00000000,29900.88000000,0.00000000
12.87000000,2235.55100550,126.25470000,0.00000000,29900.88000000,0.00000000
12.90000000,2231.75895000,126.54900000,0.00000000,29900.88000000,0.00000000
12.93000000,2227.95806550,126.84330000,0.00000000,29900.88000000,0.00000000
12.96000000,2224.14835200,127.13760000,0.00000000,29900.88000000,0.00000000
12.99000000,2220.32980950,127.43190000,0.00000000,29900.88000000,0.00000000
13.02000000,2216.50243800,127.72620000,0.00000000,29900.88000000,0.00000000
13.05000000,2212.66623750,128.02050000,0.00000000,29900.88000000,0.00000000
13.08000000,2208.82120800,128.31480000,0.00000000,29900.88000000,0.00000000
13.11000000,2204.96734950,128.60910000,0.00000000,29900.88000000,0.00000000
13.14000000,2201.10466200,128.90340000,0.00000000,29900.88000000,0.00000000
13.17000000,2197.23314550,129.19770000,0.00000000,29900.88000000,0.00000000
13.20000000,2193.35280000,129.49200000,0.00000000,29900.88000000,0.00000000
13.23000000,2189.46362550,129.78630000,0.00000000,29900.88000000,0.00000000
13.26000000,2185.56562200,130.08060000,0.00000000,29900.88000000,0.00000000
13.29000000,2181.65878950,130.37490000,0.00000000,29900.88000000,0.00000000
13.32000000,2177.74312800,130.66920000,0.00000000,29900.88000000,0.00000000
13.35000000,2173.81863750,130.96350000,0.00000000,29900.88000000,0.00000000
13.38000000,2169.88531800,131.25780000,0.00000000,29900.88000000,0.00000000
13.41000000,2165.94316950,131.55210000,0.00000000,29900.88000000,0.00000000
13.44000000,2161.99219200,131.84640000,0.00000000,29900.88000000,0.00000000
13.47000000,2158.03238550,132.14070000,0.00000000,29900.88000000,0.00000000
13.50000000,2154.06375000,132.43500000,0.00000000,29900.88000000,0.00000000
13.53000000,2150.08628550,132.72930000,0.00000000,29900.88000000,0.00000000
13.56000000,2146.09999200,133.02360000,0.00000000,29900.88000000,0.00000000
13.59000000,2142.10486950,133.31790000,0.00000000,29900.88000000,0.00000000
13.62000000,2138.10091800,133.61220000,0.00000000,29900.88000000,0.00000000
13.65000000,2134.08813750,133.90650000,0.00000000,29900.88000000,0.00000000
13.68000000,2130.06652800,134.20080000,0.00000000,29900.88000000,0.00000000
13.71000000,2126.03608950,134.49510000,0.00000000,29900.88000000,0.00000000
13.74000000,2121.99682200,134.78940000,0.00000000,29900.88000000,0.00000000
13.77000000,2117.94872550,135.08370000,0.00000000,29900.88000000,0.00000000
13.80000000,2113.89180000,135.37800000,0.00000000,29900.88000000,0.00000000
13.83000000,2109.82604550,135.67230000,0.00000000,29900.88000000,0.00000000
13.86000000,2105.75146200,135.96660000,0.00000000,29900.88000000,0.00000000
13.89000000,2101.66804950,136.26090000,0.00000000,29900.88000000,0.00000000
13.92000000,2097.57580800,136.55520000,0.00000000,29900.88000000,0.00000000
13.95000000,2093.47473750,136.84950000,0.00000000,29900.88000000,0.00000000
13.98000000,2089.36483800,137.14380000,0.00000000,29900.88000000,0.00000000
14.01000000,2085.24610950,137.43810000,0.00000000,29900.88000000,0.00000000
14.04000000,2081.11855200,137.73240000,0.00000000,29900.88000000,0.00000000
14.07000000,2076.98216550,138.02670000,0.00000000,29900.88000000,0.00000000
14.10000000,2072.83695000,138.32100000,0.00000000,29900.88000000,0.00000000
14.13000000,2068.68290550,138.61530000,0.00000000,29900.88000000,0.00000000
14.16000000,2064.52003200,138.90960000,0.00000000,29900.88000000,0.00000000
14.19000000,2060.34832950,139.20390000,0.00000000,29900.88000000,0.00000000
14.22000000,2056.16779800,139.49820000,0.00000000,29900.88000000,0.00000000
14.25000000,2051.97843750,139.79250000,0.00000000,29900.88000000,0.00000000
14.28000000,2047.78024800,140.08680000,0.00000000,29900.88000000,0.00000000
14.31000000,2043.57322950,140.38110000,0.00000000,29900.88000000,0.00000000
14.34000000,2039.35738200,140.67540000,0.00000000,29900.88000000,0.00000000
14.37000000,2035.13270550,140.96970000,0.00000000,29900.88000000,0.00000000
14.40000000,2030.89920000,141.26400000,0.00000000,29900.88000000,0.00000000
14.43000000,2026.65686550,141.55830000,0.00000000,29900.88000000,0.00000000
14.46000000,2022.40570200,141.85260000,0.00000000,29900.88000000,0.00000000
14.49000000,2018.14570950,142.14690000,0.00000000,29900.88000000,0.00000000
14.52000000,2013.87688800,142.44120000,0.00000000,29900.88000000,0.00000000
14.55000000,2009.59923750,142.73550000,0.00000000,29900.88000000,0.00000000
14.58000000,2005.31275800,143.02980000,0.00000000,29900.88000000,0.00000000
14.61000000,2001.01744950,143.32410000,0.00000000,29900.88000000,0.00000000
14.64000000,1996.71331200,143.61840000,0.00000000,29900.88000000,0.00000000
14.67000000,1992.40034550,143.91270000,0.00000000,29900.88000000,0.00000000
14.70000000,1988.07855000,144.20700000,0.00000000,29900.88000000,0.00000000
14.73000000,1983.74792550,144.50130000,0.00000000,29900.88000000,0.00000000
14.76000000,1979.40847200,144.79560000,0.00000000,29900.88000000,0.00000000
14.79000000,1975.06018950,145.08990000,0.00000000,29900.88000000,0.00000000
14.82000000,1970.70307800,145.38420000,0.00000000,29900.88000000,0.00000000
14.85000000,1966.33713750,145.67850000,0.00000000,29900.88000000,0.00000000
14.88000000,1961.96236800,145.97280000,0.00000000,29900.88000000,0.00000000
14.91000000,1957.57876950,146.26710000,0.00000000,29900.88000000,0.00000000
14.94000000,1953.18634200,146.56140000,0.00000000,29900.88000000,0.00000000
14.97000000,1948.78508550,146.85570000,0.00000000,29900.88000000,0.00000000
15.00000000,1944.37500000,147.15000000,0.00000000,29900.88000000,0.00000000
15.03000000,1939.95608550,147.44430000,0.00000000,29900.88000000,0.00000000
15.06000000,1935.52834200,147.73860000,0.00000000,29900.88000000,0.00000000
15.09000000,1931.09176950,148.03290000,0.00000000,29900.88000000,0.00000000
15.12000000,1926.64636800,148.32720000,0.00000000,29900.88000000,0.00000000
15.15000000,1922.19213750,148.62150000,0.00000000,29900.88000000,0.00000000
15.18000000,1917.72907800,148.91580000,0.00000000,29900.88000000,0.00000000
15.21000000,1913.25718950,149.21010000,0.00000000,29900.88000000,0.00000000
15.24000000,1908.77647200,149.50440000,0.00000000,29900.88000000,0.00000000
15.27000000,1904.28692550,149.79870000,0.00000000,29900.88000000,0.00000000
15.30000000,1899.78855000,150.09300000,0.00000000,29900.88000000,0.00000000
15.33000000,1895.28134550,150.38730000,0.00000000,29900.88000000,0.00000000
15.36000000,1890.76531200,150.68160000,0.00000000,29900.88000000,0.00000000
15.39000000,1886.24044950,150.97590000,0.00000000,29900.88000000,0.00000000
15.42000000,1881.70675800,151.27020000,0.00000000,29900.88000000,0.00000000
15.45000000,1877.16423750,151.56450000,0.00000000,29900.88000000,0.00000000
15.48000000,1872.61288800,151.85880000,0.00000000,29900.88000000,0.00000000
15.51000000,1868.05270950,152.15310000,0.00000000,29900.88000000,0.00000000
15.54000000,1863.48370200,152.44740000,0.00000000,29900.88000000,0.00000000
15.57000000,1858.90586550,152.74170000,0.00000000,29900.88000000,0.00000000
15.60000000,1854.31920000,153.03600000,0.00000000,29900.88000000,0.00000000
15.63000000,1849.72370550,153.33030000,0.00000000,29900.88000000,0.00000000
15.66000000,1845.11938200,153.62460000,0.00000000,29900.88000000,0.00000000
15.69000000,1840.50622950,153.91890000,0.00000000,29900.88000000,0.00000000
15.72000000,1835.88424800,154.21320000,0.00000000,29900.88000000,0.00000000
15.75000000,1831.25343750,154.50750000,0.00000000,29900.88000000,0.00000000
15.78000000,1826.61379800,154.80180000,0.00000000,29900.88000000,0.00000000
15.81000000,1821.96532950,155.09610000,0.00000000,29900.88000000,0.00000000
15.84000000,1817.30803200,155.39040000,0.00000000,29900.88000000,0.00000000
15.87000000,1812.64190550,155.68470000,0.00000000,29900.88000000,0.00000000
15.90000000,1807.96695000,155.97900000,0.00000000,29900.88000000,0.00000000
15.93000000,1803.28316550,156.27330000,0.00000000,29900.88000000,0.00000000
15.96000000,1798.59055200,156.56760000,0.00000000,29900.88000000,0.00000000
15.99000000,1793.88910950,156.86190000,0.00000000,29900.88000000,0.00000000
16.02000000,1789.17883800,157.15620000,0.00000000,29900.88000000,0.00000000
16.05000000,1784.45973750,157.45050000,0.00000000,29900.88000000,0.00000000
16.08000000,1779.73180800,157.74480000,0.00000000,29900.88000000,0.00000000
16.11000000,1774.99504950,158.03910000,0.00000000,29900.88000000,0.00000000
16.14000000,1770.24946200,158.33340000,0.00000000,29900.88000000,0.00000000
16.17000000,1765.49504550,158.62770000,0.00000000,29900.88000000,0.00000000
16.20000000,1760.73180000,158.92200000,0.00000000,29900.88000000,0.00000000
16.23000000,1755.95972550,159.21630000,0.00000000,29900.88000000,0.00000000
16.26000000,1751.17882200,159.51060000,0.00000000,29900.88000000,0.00000000
16.29000000,1746.38908950,159.80490000,0.00000000,29900.88000000,0.00000000
16.32000000,1741.59052800,160.09920000,0.00000000,29900.88000000,0.00000000
16.35000000,1736.78313750,160.39350000,0.00000000,29900.88000000,0.00000000
16.38000000,1731.96691800,160.68780000,0.00000000,29900.88000000,0.00000000
16.41000000,1727.14186950,160.98210000,0.00000000,29900.88000000,0.00000000
16.44000000,1722.30799200,161.27640000,0.00000000,29900.88000000,0.00000000
16.47000000,1717.46528550,161.57070000,0.00000000,29900.88000000,0.00000000
16.50000000,1712.61375000,161.86500000,0.00000000,29900.88000000,0.00000000
16.53000000,1707.75338550,162.15930000,0.00000000,29900.88000000,0.00000000
16.56000000,1702.88419200,162.45360000,0.00000000,29900.88000000,0.00000000
16.59000000,1698.00616950,162.74790000,0.00000000,29900.88000000,0.00000000
16.62000000,1693.11931800,163.04220000,0.00000000,29900.88000000,0.00000000
16.65000000,1688.22363750,163.33650000,0.00000000,29900.88000000,0.00000000
16.68000000,1683.31912800,163.63080000,0.00000000,29900.88000000,0.00000000
16.71000000,1678.40578950,163.92510000,0.00000000,29900.88000000,0.00000000
16.74000000,1673.48362200,164.21940000,0.00000000,29900.88000000,0.00000000
16.77000000,1668.55262550,164.51370000,0.00000000,29900.88000000,0.00000000
16.80000000,1663.61280000,164.80800000,0.00000000,29900.88000000,0.00000000
16.83000000,1658.66414550,165.10230000,0.00000000,29900.88000000,0.00000000
16.86000000,1653.70666200,165.39660000,0.00000000,29900.88000000,0.00000000
16.89000000,1648.74034950,165.69090000,0.00000000,29900.88000000,0.00000000
16.92000000,1643.76520800,165.98520000,0.00000000,29900.88000000,0.00000000
16.95000000,1638.78123750,166.27950000,0.00000000,29900.88000000,0.00000000
16.98000000,1633.78843800,166.57380000,0.00000000,29900.88000000,0.00000000
17.01000000,1628.78680950,166.86810000,0.00000000,29900.88000000,0.00000000
17.04000000,1623.77635200,167.16240000,0.00000000,29900.88000000,-0.00000000
17.07000000,1618.75706550,167.45670000,0.00000000,29900.88000000,-0.00000000
17.10000000,1613.72895000,167.75100000,0.00000000,29900.88000000,-0.00000000
17.13000000,1608.69200550,168.04530000,0.00000000,29900.88000000,-0.00000000
17.16000000,1603.64623200,168.33960000,0.00000000,29900.88000000,-0.00000000
17.19000000,1598.59162950,168.63390000,0.00000000,29900.88000000,-0.00000000
17.22000000,1593.52819800,168.92820000,0.00000000,29900.88000000,-0.00000000
17.25000000,1588.45593750,169.22250000,0.00000000,29900.88000000,-0.00000000
17.28000000,1583.37484800,169.51680000,0.00000000,29900.88000000,-0.00000000
17.31000000,1578.28492950,169.81110000,0.00000000,29900.88000000,-0.00000000
17.34000000,1573.18618200,170.10540000,0.00000000,29900.88000000,-0.00000000
17.37000000,1568.07860550,170.39970000,0.00000000,29900.88000000,-0.00000000
17.40000000,1562.96220000,170.69400000,0.00000000,29900.88000000,-0.00000000
17.43000000,1557.83696550,170.98830000,0.00000000,29900.88000000,-0.00000000
17.46000000,1552.70290200,171.28260000,0.00000000,29900.88000000,-0.00000000
17.49000000,1547.56000950,171.57690000,0.00000000,29900.88000000,-0.00000000
17.52000000,1542.40828800,171.87120000,0.00000000,29900.88000000,-0.00000000
17.55000000,1537.24773750,172.16550000,0.00000000,29900.88000000,-0.00000000
17.58000000,1532.07835800,172.45980000,0.00000000,29900.88000000,-0.00000000
17.61000000,1526.90014950,172.75410000,0.00000000,29900.88000000,-0.00000000
17.64000000,1521.71311200,173.04840000,0.00000000,29900.88000000,-0.00000000
17.67000000,1516.51724550,173.34270000,0.00000000,29900.88000000,-0.00000000
17.70000000,1511.31255000,173.63700000,0.00000000,29900.88000000,-0.00000000
17.73000000,1506.09902550,173.93130000,0.00000000,29900.88000000,-0.00000000
17.76000000,1500.87667200,174.22560000,0.00000000,29900.88000000,-0.00000000
17.79000000,1495.64548950,174.51990000,0.00000000,29900.88000000,-0.00000000
17.82000000,1490.40547800,174.81420000,0.00000000,29900.88000000,-0.00000000
17.85000000,1485.15663750,175.10850000,0.00000000,29900.88000000,-0.00000000
17.88000000,1479.89896800,175.40280000,0.00000000,29900.88000000,-0.00000000
17.91000000,1474.63246950,175.69710000,0.00000000,29900.88000000,-0.00000000
17.94000000,1469.35714200,175.99140000,0.00000000,29900.88000000,-0.00000000
17.97000000,1464.07298550,176.28570000,0.00000000,29900.88000000,-0.00000000
18.00000000,1458.78000000,176.58000000,0.00000000,29900.88000000,-0.00000000
18.03000000,1453.47818550,176.87430000,0.00000000,29900.88000000,-0.00000000
18.06000000,1448.16754200,177.16860000,0.00000000,29900.88000000,-0.00000000
18.09000000,1442.84806950,177.46290000,0.00000000,29900.88000000,-0.00000000
18.12000000,1437.51976800,177.75720000,0.00000000,29900.88000000,-0.00000000
18.15000000,1432.18263750,178.05150000,0.00000000,29900.88000000,-0.00000000
18.18000000,1426.83667800,178.34580000,0.00000000,29900.88000000,-0.00000000
18.21000000,1421.48188950,178.64010000,0.00000000,29900.88000000,-0.00000000
18.24000000,1416.11827200,178.93440000,0.00000000,29900.88000000,-0.00000000
18.27000000,1410.74582550,179.22870000,0.00000000,29900.88000000,-0.00000000
18.30000000,1405.36455000,179.52300000,0.00000000,29900.88000000,-0.00000000
18.33000000,1399.97444550,179.81730000,0.00000000,29900.88000000,-0.00000000
18.36000000,1394.57551200,180.11160000,0.00000000,29900.88000000,-0.00000000
18.39000000,1389.16774950,180.40590000,0.00000000,29900.88000000,-0.00000000
18.42000000,1383.75115800,180.70020000,0.00000000,29900.88000000,-0.00000000
18.45000000,1378.32573750,180.99450000,0.00000000,29900.88000000,-0.00000000
18.48000000,1372.89148800,181.28880000,0.00000000,29900.88000000,-0.00000000
18.51000000,1367.44840950,181.58310000,0.00000000,29900.88000000,-0.00000000
18.54000000,1361.99650200,181.87740000,0.00000000,29900.88000000,-0.00000000
18.57000000,1356.53576550,182.17170000,0.00000000,29900.88000000,-0.00000000
18.60000000,1351.06620000,182.46600000,0.00000000,29900.88000000,-0.00000000
18.63000000,1345.58780550,182.76030000,0.00000000,29900.88000000,-0.00000000
18.66000000,1340.10058200,183.05460000,0.00000000,29900.88000000,-0.00000000
18.69000000,1334.60452950,183.34890000,0.00000000,29900.88000000,-0.00000000
18.72000000,1329.09964800,183.64320000,0.00000000,29900.88000000,-0.00000000
18.75000000,1323.58593750,183.93750000,0.00000000,29900.88000000,-0.00000000
18.78000000,1318.06339800,184.23180000,0.00000000,29900.88000000,-0.00000000
18.81000000,1312.53202950,184.52610000,0.00000000,29900.88000000,-0.00000000
18.84000000,1306.99183200,184.82040000,0.00000000,29900.88000000,-0.00000000
18.87000000,1301.44280550,185.11470000,0.00000000,29900.88000000,-0.00000000
18.90000000,1295.88495000,185.40900000,0.00000000,29900.88000000,-0.00000000
18.93000000,1290.31826550,185.70330000,0.00000000,29900.88000000,-0.00000000
18.96000000,1284.74275200,185.99760000,0.00000000,29900.88000000,-0.00000000
18.99000000,1279.15840950,186.29190000,0.00000000,29900.88000000,-0.00000000
19.02000000,1273.56523800,186.58620000,0.00000000,29900.88000000,-0.00000000
19.05000000,1267.96323750,186.88050000,0.00000000,29900.88000000,-0.00000000
19.08000000,1262.35240800,187.17480000,0.00000000,29900.88000000,-0.00000000
19.11000000,1256.73274950,187.46910000,0.00000000,29900.88000000,-0.00000000
19.14000000,1251.10426200,187.76340000,0.00000000,29900.88000000,-0.00000000
19.17000000,1245.46694550,188.05770000,0.00000000,29900.88000000,-0.00000000
19.20000000,1239.82080000,188.35200000,0.00000000,29900.88000000,-0.00000000
19.23000000,1234.16582550,188.64630000,0.00000000,29900.88000000,-0.00000000
19.26000000,1228.50202200,188.94060000,0.00000000,29900.88000000,-0.00000000
19.29000000,1222.82938950,189.23490000,0.00000000,29900.88000000,-0.00000000
19.32000000,1217.14792800,189.52920000,0.00000000,29900.88000000,-0.00000000
19.35000000,1211.45763750,189.82350000,0.00000000,29900.88000000,-0.00000000
19.38000000,1205.75851800,190.11780000,0.00000000,29900.88000000,-0.00000000
19.41000000,1200.05056950,190.41210000,0.00000000,29900.88000000,-0.00000000
19.44000000,1194.33379200,190.70640000,0.00000000,29900.88000000,-0.00000000
19.47000000,1188.60818550,191.00070000,0.00000000,29900.88000000,-0.00000000
19.50000000,1182.87375000,191.29500000,0.00000000,29900.88000000,-0.00000000
19.53000000,1177.13048550,191.58930000,0.00000000,29900.88000000,-0.00000000
19.56000000,1171.37839200,191.88360000,0.00000000,29900.88000000,-0.00000000
19.59000000,1165.61746950,192.17790000,0.00000000,29900.88000000,-0.00000000
19.62000000,1159.84771800,192.47220000,0.00000000,29900.88000000,-0.00000000
19.65000000,1154.06913750,192.76650000,0.00000000,29900.88000000,-0.00000000
19.68000000,1148.28172800,193.06080000,0.00000000,29900.88000000,-0.00000000
19.71000000,1142.48548950,193.35510000,0.00000000,29900.88000000,-0.00000000
19.74000000,1136.68042200,193.64940000,0.00000000,29900.88000000,-0.00000000
19.77000000,1130.86652550,193.94370000,0.00000000,29900.88000000,-0.00000000
19.80000000,1125.04380000,194.23800000,0.00000000,29900.88000000,-0.00000000
19.83000000,1119.21224550,194.53230000,0.00000000,29900.88000000,-0.00000000
19.86000000,1113.37186200,194.82660000,0.00000000,29900.88000000,-0.00000000
19.89000000,1107.52264950,195.12090000,0.00000000,29900.88000000,-0.00000000
19.92000000,1101.66460800,195.41520000,0.00000000,29900.88000000,-0.00000000
19.95000000,1095.79773750,195.70950000,0.00000000,29900.88000000,-0.00000000
19.98000000,1089.92203800,196.00380000,0.00000000,29900.88000000,-0.00000000
20.01000000,1084.03750950,196.29810000,0.00000000,29900.88000000,-0.00000000
20.04000000,1078.14415200,196.59240000,0.00000000,29900.88000000,-0.00000000
20.07000000,1072.24196550,196.88670000,0.00000000,29900.88000000,-0.00000000
20.10000000,1066.33095000,197.18100000,0.00000000,29900.88000000,-0.00000000
20.13000000,1060.41110550,197.47530000,0.00000000,29900.88000000,-0.00000000
20.16000000,1054.48243200,197.76960000,0.00000000,29900.88000000,-0.00000000
20.19000000,1048.54492950,198.06390000,0.00000000,29900.88000000,-0.00000000
20.22000000,1042.59859800,198.35820000,0.00000000,29900.88000000,-0.00000000
20.25000000,1036.64343750,198.65250000,0.00000000,29900.88000000,-0.00000000
20.28000000,1030.67944800,198.94680000,0.00000000,29900.88000000,-0.00000000
20.31000000,1024.70662950,199.24110000,0.00000000,29900.88000000,-0.00000000
20.34000000,1018.72498200,199.53540000,0.00000000,29900.88000000,-0.00000000
20.37000000,1012.73450550,199.82970000,0.00000000,29900.88000000,-0.00000000
20.40000000,1006.73520000,200.12400000,0.00000000,29900.88000000,-0.00000000
20.43000000,1000.72706550,200.41830000,0.00000000,29900.88000000,-0.00000000
20.46000000,994.71010200,200.71260000,0.00000000,29900.88000000,-0.00000000
20.49000000,988.68430950,201.00690000,0.00000000,29900.88000000,-0.00000000
20.52000000,982.64968800,201.30120000,0.00000000,29900.88000000,-0.00000000
20.55000000,976.60623750,201.59550000,0.00000000,29900.88000000,-0.00000000
20.58000000,970.55395800,201.88980000,0.00000000,29900.88000000,-0.00000000
20.61000000,964.49284950,202.18410000,0.00000000,29900.88000000,-0.00000000
20.64000000,958.42291200,202.47840000,0.00000000,29900.88000000,-0.00000000
20.67000000,952.34414550,202.77270000,0.00000000,29900.88000000,-0.00000000
20.70000000,946.25655000,203.06700000,0.00000000,29900.88000000,-0.00000000
20.73000000,940.16012550,203.36130000,0.00000000,29900.88000000,-0.00000000
20.76000000,934.05487200,203.65560000,0.00000000,29900.88000000,-0.00000000
20.79000000,927.94078950,203.94990000,0.00000000,29900.88000000,-0.00000000
20.82000000,921.81787800,204.24420000,0.00000000,29900.88000000,-0.00000000
20.85000000,915.68613750,204.53850000,0.00000000,29900.88000000,-0.00000000
20.88000000,909.54556800,204.83280000,0.00000000,29900.88000000,-0.00000000
20.91000000,903.39616950,205.12710000,0.00000000,29900.88000000,-0.00000000
20.94000000,897.23794200,205.42140000,0.00000000,29900.88000000,-0.00000000
20.97000000,891.07088550,205.71570000,0.00000000,29900.88000000,-0.00000000
21.00000000,884.89500000,206.01000000,0.00000000,29900.88000000,-0.00000000
21.03000000,878.71028550,206.30430000,0.00000000,29900.88000000,-0.00000000
21.06000000,872.51674200,206.59860000,0.00000000,29900.88000000,-0.00000000
21.09000000,866.31436950,206.89290000,0.00000000,29900.88000000,-0.00000000
21.12000000,860.10316800,207.18720000,0.00000000,29900.88000000,-0.00000000
21.15000000,853.88313750,207.48150000,0.00000000,29900.88000000,-0.00000000
21.18000000,847.65427800,207.77580000,0.00000000,29900.88000000,-0.00000000
21.21000000,841.41658950,208.07010000,0.00000000,29900.88000000,-0.00000000
21.24000000,835.17007200,208.36440000,0.00000000,29900.88000000,-0.00000000
21.27000000,828.91472550,208.65870000,0.00000000,29900.88000000,-0.00000000
21.30000000,822.65055000,208.95300000,0.00000000,29900.88000000,-0.00000000
21.33000000,816.37754550,209.24730000,0.00000000,29900.88000000,-0.00000000
21.36000000,810.09571200,209.54160000,0.00000000,29900.88000000,-0.00000000
21.39000000,803.80504950,209.83590000,0.00000000,29900.88000000,-0.00000000
21.42000000,797.50555800,210.13020000,0.00000000,29900.88000000,-0.00000000
21.45000000,791.19723750,210.42450000,0.00000000,29900.88000000,-0.00000000
21.48000000,784.88008800,210.71880000,0.00000000,29900.88000000,-0.00000000
21.51000000,778.55410950,211.01310000,0.00000000,29900.88000000,-0.00000000
21.54000000,772.21930200,211.30740000,0.00000000,29900.88000000,-0.00000000
21.57000000,765.87566550,211.60170000,0.00000000,29900.88000000,-0.00000000
21.60000000,759.52320000,211.89600000,0.00000000,29900.88000000,-0.00000000
21.63000000,753.16190550,212.19030000,0.00000000,29900.88000000,-0.00000000
21.66000000,746.79178200,212.48460000,0.00000000,29900.88000000,-0.00000000
21.69000000,740.41282950,212.77890000,0.00000000,29900.88000000,-0.00000000
21.72000000,734.02504800,213.07320000,0.00000000,29900.88000000,-0.00000000
21.75000000,727.62843750,213.36750000,0.00000000,29900.88000000,-0.00000000
21.78000000,721.22299800,213.66180000,0.00000000,29900.88000000,-0.00000000
21.81000000,714.80872950,213.95610000,0.00000000,29900.88000000,-0.00000000
21.84000000,708.38563200,214.25040000,0.00000000,29900.88000000,-0.00000000
21.87000000,701.95370550,214.54470000,0.00000000,29900.88000000,-0.00000000
21.90000000,695.51295000,214.83900000,0.00000000,29900.88000000,-0.00000000
21.93000000,689.06336550,215.13330000,0.00000000,29900.88000000,-0.00000000
21.96000000,682.60495200,215.42760000,0.00000000,29900.88000000,-0.00000000
21.99000000,676.13770950,215.72190000,0.00000000,29900.88000000,-0.00000000
22.02000000,669.66163800,216.01620000,0.00000000,29900.88000000,-0.00000000
22.05000000,663.17673750,216.31050000,0.00000000,29900.88000000,-0.00000000
22.08000000,656.68300800,216.60480000,0.00000000,29900.88000000,-0.00000000
22.11000000,650.18044950,216.89910000,0.00000000,29900.88000000,-0.00000000
22.14000000,643.66906200,217.19340000,0.00000000,29900.88000000,-0.00000000
22.17000000,637.14884550,217.48770000,0.00000000,29900.88000000,-0.00000000
22.20000000,630.61980000,217.78200000,0.00000000,29900.88000000,-0.00000000
22.23000000,624.08192550,218.07630000,0.00000000,29900.88000000,-0.00000000
22.26000000,617.53522200,218.37060000,0.00000000,29900.88000000,-0.00000000
22.29000000,610.97968950,218.66490000,0.00000000,29900.88000000,-0.00000000
22.32000000,604.41532800,218.95920000,0.00000000,29900.88000000,-0.00000000
22.35000000,597.84213750,219.25350000,0.00000000,29900.88000000,-0.00000000
22.38000000,591.26011800,219.54780000,0.00000000,29900.88000000,-0.00000000
22.41000000,584.66926950,219.84210000,0.00000000,29900.88000000,-0.00000000
22.44000000,578.06959200,220.13640000,0.00000000,29900.88000000,-0.00000000
22.47000000,571.46108550,220.43070000,0.00000000,29900.88000000,-0.00000000
22.50000000,564.84375000,220.72500000,0.00000000,29900.88000000,-0.00000000
22.53000000,558.21758550,221.01930000,0.00000000,29900.88000000,-0.00000000
22.56000000,551.58259200,221.31360000,0.00000000,29900.88000000,-0.00000000
22.59000000,544.93876950,221.60790000,0.00000000,29900.88000000,-0.00000000
22.62000000,538.28611800,221.90220000,0.00000000,29900.88000000,-0.00000000
22.65000000,531.62463750,222.19650000,0.00000000,29900.88000000,-0.00000000
22.68000000,524.95432800,222.49080000,0.00000000,29900.88000000,-0.00000000
22.71000000,518.27518950,222.78510000,0.00000000,29900.88000000,-0.00000000
22.74000000,511.58722200,223.07940000,0.00000000,29900.88000000,-0.00000000
22.77000000,504.89042550,223.37370000,0.00000000,29900.88000000,-0.00000000
22.80000000,498.18480000,223.66800000,0.00000000,29900.88000000,-0.00000000
22.83000000,491.47034550,223.96230000,0.00000000,29900.88000000,-0.00000000
22.86000000,484.74706200,224.25660000,0.00000000,29900.88000000,-0.00000000
22.89000000,478.01494950,224.55090000,0.00000000,29900.88000000,-0.00000000
22.92000000,471.27400800,224.84520000,0.00000000,29900.88000000,-0.00000000
22.95000000,464.52423750,225.13950000,0.00000000,29900.88000000,-0.00000000
22.98000000,457.76563800,225.43380000,0.00000000,29900.88000000,-0.00000000
23.01000000,450.99820950,225.72810000,0.00000000,29900.88000000,-0.00000000
23.04000000,444.22195200,226.02240000,0.00000000,29900.88000000,-0.00000000
23.07000000,437.43686550,226.31670000,0.00000000,29900.88000000,-0.00000000
23.10000000,430.64295000,226.61100000,0.00000000,29900.88000000,-0.00000000
23.13000000,423.84020550,226.90530000,0.00000000,29900.88000000,-0.00000000
23.16000000,417.02863200,227.19960000,0.00000000,29900.88000000,-0.00000000
23.19000000,410.20822950,227.49390000,0.00000000,29900.88000000,-0.00000000
23.22000000,403.37899800,227.78820000,0.00000000,29900.88000000,-0.00000000
23.25000000,396.54093750,228.08250000,0.00000000,29900.88000000,-0.00000000
23.28000000,389.69404800,228.37680000,0.00000000,29900.88000000,-0.00000000
23.31000000,382.83832950,228.67110000,0.00000000,29900.88000000,-0.00000000
23.34000000,375.97378200,228.96540000,0.00000000,29900.88000000,-0.00000000
23.37000000,369.10040550,229.25970000,0.00000000,29900.88000000,-0.00000000
23.40000000,362.21820000,229.55400000,0.00000000,29900.88000000,-0.00000000
23.43000000,355.32716550,229.84830000,0.00000000,29900.88000000,-0.00000000
23.46000000,348.42730200,230.14260000,0.00000000,29900.88000000,-0.00000000
23.49000000,341.51860950,230.43690000,0.00000000,29900.88000000,-0.00000000
23.52000000,334.60108800,230.73120000,0.00000000,29900.88000000,-0.00000000
23.55000000,327.67473750,231.02550000,0.00000000,29900.88000000,-0.00000000
23.58000000,320.73955800,231.31980000,0.00000000,29900.88000000,-0.00000000
23.61000000,313.79554950,231.61410000,0.00000000,29900.88000000,-0.00000000
23.64000000,306.84271200,231.90840000,0.00000000,29900.88000000,-0.00000000
23.67000000,299.88104550,232.20270000,0.00000000,29900.88000000,-0.00000000
23.70000000,292.91055000,232.49700000,0.00000000,29900.88000000,-0.00000000
23.73000000,285.93122550,232.79130000,0.00000000,29900.88000000,-0.00000000
23.76000000,278.94307200,233.08560000,0.00000000,29900.88000000,-0.00000000
23.79000000,271.94608950,233.37990000,0.00000000,29900.88000000,-0.00000000
23.82000000,264.94027800,233.67420000,0.00000000,29900.88000000,-0.00000000
23.85000000,257.92563750,233.96850000,0.00000000,29900.88000000,-0.00000000
23.88000000,250.90216800,234.26280000,0.00000000,29900.88000000,-0.00000000
23.91000000,243.86986950,234.55710000,0.00000000,29900.88000000,-0.00000000
23.94000000,236.82874200,234.85140000,0.00000000,29900.88000000,-0.00000000
23.97000000,229.77878550,235.14570000,0.00000000,29900.88000000,-0.00000000
24.00000000,222.72000000,235.44000000,0.00000000,29900.88000000,-0.00000000
24.03000000,215.65238550,235.73430000,0.00000000,29900.88000000,-0.00000000
24.06000000,208.57594200,236.02860000,0.00000000,29900.88000000,-0.00000000
24.09000000,201.49066950,236.32290000,0.00000000,29900.88000000,-0.00000000
24.12000000,194.39656800,236.61720000,0.00000000,29900.88000000,-0.00000000
24.15000000,187.29363750,236.91150000,0.00000000,29900.88000000,-0.00000000
24.18000000,180.18187800,237.20580000,0.00000000,29900.88000000,-0.00000000
24.21000000,173.06128950,237.50010000,0.00000000,29900.88000000,-0.00000000
24.24000000,165.93187200,237.79440000,0.00000000,29900.88000000,-0.00000000
24.27000000,158.79362550,238.08870000,0.00000000,29900.88000000,-0.00000000
24.30000000,151.64655000,238.38300000,0.00000000,29900.88000000,-0.00000000
24.33000000,144.49064550,238.67730000,0.00000000,29900.88000000,-0.00000000
24.36000000,137.32591200,238.97160000,0.00000000,29900.88000000,-0.00000000
24.39000000,130.15234950,239.26590000,0.00000000,29900.88000000,-0.00000000
24.42000000,122.96995800,239.56020000,0.00000000,29900.88000000,-0.00000000
24.45000000,115.77873750,239.85450000,0.00000000,29900.88000000,-0.00000000
24.48000000,108.57868800,240.14880000,0.00000000,29900.88000000,-0.00000000
24.51000000,101.36980950,240.44310000,0.00000000,29900.88000000,-0.00000000
24.54000000,94.15210200,240.73740000,0.00000000,29900.88000000,-0.00000000
24.57000000,86.92556550,241.03170000,0.00000000,29900.88000000,-0.00000000
24.60000000,79.69020000,241.32600000,0.00000000,29900.88000000,-0.00000000
24.63000000,72.44600550,241.62030000,0.00000000,29900.88000000,-0.00000000
24.66000000,65.19298200,241.91460000,0.00000000,29900.88000000,-0.00000000
24.69000000,57.93112950,242.20890000,0.00000000,29900.88000000,-0.00000000
24.72000000,50.66044800,242.50320000,0.00000000,29900.88000000,-0.00000000
24.75000000,43.38093750,242.79750000,0.00000000,29900.88000000,-0.00000000
24.78000000,36.09259800,243.09180000,0.00000000,29900.88000000,-0.00000000
24.81000000,28.79542950,243.38610000,0.00000000,29900.88000000,-0.00000000
24.84000000,21.48943200,243.68040000,0.00000000,29900.88000000,-0.00000000
24.87000000,14.17460550,243.97470000,0.00000000,29900.88000000,-0.00000000
24.90000000,6.85095000,244.26900000,0.00000000,29900.88000000,-0.00000000
24.93000000,-0.48153450,244.56330000,0.00000000,29900.88000000,-0.00000000
24.96000000,-7.82284800,244.85760000,0.00000000,29900.88000000,-0.00000000
24.99000000,-15.17299050,245.15190000,0.00000000,29900.88000000,-0.00000000
25.02000000,-22.53196200,245.44620000,0.00000000,29900.88000000,-0.00000000
25.05000000,-29.89976250,245.74050000,0.00000000,29900.88000000,-0.00000000
25.08000000,-37.27639200,246.03480000,0.00000000,29900.88000000,-0.00000000
25.11000000,-44.66185050,246.32910000,0.00000000,29900.88000000,-0.00000000
25.14000000,-52.05613800,246.62340000,0.00000000,29900.88000000,-0.00000000
25.17000000,-59.45925450,246.91770000,0.00000000,29900.88000000,-0.00000000
25.20000000,-66.87120000,247.21200000,0.00000000,29900.88000000,-0.00000000
25.23000000,-74.29197450,247.50630000,0.00000000,29900.88000000,-0.00000000
25.26000000,-81.72157800,247.80060000,0.00000000,29900.88000000,-0.00000000
25.29000000,-89.16001050,248.09490000,0.00000000,29900.88000000,-0.00000000
25.32000000,-96.60727200,248.38920000,0.00000000,29900.88000000,-0.00000000
25.35000000,-104.06336250,248.68350000,0.00000000,29900.88000000,-0.00000000
25.38000000,-111.52828200,248.97780000,0.00000000,29900.88000000,-0.00000000
25.41000000,-119.00203050,249.27210000,0.00000000,29900.88000000,-0.00000000
25.44000000,-126.48460800,249.56640000,0.00000000,29900.88000000,-0.00000000
25.47000000,-133.97601450,249.86070000,0.00000000,29900.88000000,-0.00000000
25.50000000,-141.47625000,250.15500000,0.00000000,29900.88000000,-0.00000000
25.53000000,-148.98531450,250.44930000,0.00000000,29900.88000000,-0.00000000
25.56000000,-156.50320800,250.74360000,0.00000000,29900.88000000,-0.00000000
25.59000000,-164.02993050,251.03790000,0.00000000,29900.88000000,-0.00000000
25.62000000,-171.56548200,251.33220000,0.00000000,29900.88000000,-0.00000000
25.65000000,-179.10986250,251.62650000,0.00000000,29900.88000000,-0.00000000
25.68000000,-186.66307200,251.92080000,0.00000000,29900.88000000,-0.00000000
25.71000000,-194.22511050,252.21510000,0.00000000,29900.88000000,-0.00000000
25.74000000,-201.79597800,252.50940000,0.00000000,29900.88000000,-0.00000000
25.77000000,-209.37567450,252.80370000,0.00000000,29900.88000000,-0.00000000
25.80000000,-216.96420000,253.09800000,0.00000000,29900.88000000,-0.00000000
25.83000000,-224.56155450,253.39230000,0.00000000,29900.88000000,-0.00000000
25.86000000,-232.16773800,253.68660000,0.00000000,29900.88000000,-0.00000000
25.89000000,-239.78275050,253.98090000,0.00000000,29900.88000000,-0.00000000
25.92000000,-247.40659200,254.27520000,0.00000000,29900.88000000,-0.00000000
25.95000000,-255.03926250,254.56950000,0.00000000,29900.88000000,-0.00000000
25.98000000,-262.68076200,254.86380000,0.00000000,29900.88000000,-0.00000000
26.01000000,-270.33109050,255.15810000,0.00000000,29900.88000000,-0.00000000
26.04000000,-277.99024800,255.45240000,0.00000000,29900.88000000,-0.00000000
26.07000000,-285.65823450,255.74670000,0.00000000,29900.88000000,-0.00000000
26.10000000,-293.33505000,256.04100000,0.00000000,29900.88000000,-0.00000000
26.13000000,-301.02069450,256.33530000,0.00000000,29900.88000000,-0.00000000
26.16000000,-308.71516800,256.62960000,0.00000000,29900.88000000,-0.00000000
26.19000000,-316.41847050,256.92390000,0.00000000,29900.88000000,-0.00000000
26.22000000,-324.13060200,257.21820000,0.00000000,29900.88000000,-0.00000000
26.25000000,-331.85156250,257.51250000,0.00000000,29900.88000000,-0.00000000
26.28000000,-339.58135200,257.80680000,0.00000000,29900.88000000,-0.00000000
26.31000000,-347.31997050,258.10110000,0.00000000,29900.88000000,-0.00000000
26.34000000,-355.06741800,258.39540000,0.00000000,29900.88000000,-0.00000000
26.37000000,-362.82369450,258.68970000,0.00000000,29900.88000000,-0.00000000
26.40000000,-370.58880000,258.98400000,0.00000000,29900.88000000,-0.00000000
26.43000000,-378.36273450,259.27830000,0.00000000,29900.88000000,-0.00000000
26.46000000,-386.14549800,259.57260000,0.00000000,29900.88000000,-0.00000000
26.49000000,-393.93709050,259.86690000,0.00000000,29900.88000000,-0.00000000
26.52000000,-401.73751200,260.16120000,0.00000000,29900.88000000,-0.00000000
26.55000000,-409.54676250,260.45550000,0.00000000,29900.88000000,-0.00000000
26.58000000,-417.36484200,260.74980000,0.00000000,29900.88000000,-0.00000000
26.61000000,-425.19175050,261.04410000,0.00000000,29900.88000000,-0.00000000
26.64000000,-433.02748800,261.33840000,0.00000000,29900.88000000,-0.00000000
26.67000000,-440.87205450,261.63270000,0.00000000,29900.88000000,-0.00000000
26.70000000,-448.72545000,261.92700000,0.00000000,29900.88000000,-0.00000000
26.73000000,-456.58767450,262.22130000,0.00000000,29900.88000000,-0.00000000
26.76000000,-464.45872800,262.51560000,0.00000000,29900.88000000,-0.00000000
26.79000000,-472.33861050,262.80990000,0.00000000,29900.88000000,-0.00000000
26.82000000,-480.22732200,263.10420000,0.00000000,29900.88000000,-0.00000000
26.85000000,-488.12486250,263.39850000,0.00000000,29900.88000000,-0.00000000
26.88000000,-496.03123200,263.69280000,0.00000000,29900.88000000,-0.00000000
26.91000000,-503.94643050,263.98710000,0.00000000,29900.88000000,-0.00000000
26.94000000,-511.87045800,264.28140000,0.00000000,29900.88000000,-0.00000000
26.97000000,-519.80331450,264.57570000,0.00000000,29900.88000000,-0.00000000
27.00000000,-527.74500000,264.87000000,0.00000000,29900.88000000,-0.00000000
27.03000000,-535.69551450,265.16430000,0.00000000,29900.88000000,-0.00000000
27.06000000,-543.65485800,265.45860000,0.00000000,29900.88000000,-0.00000000
27.09000000,-551.62303050,265.75290000,0.00000000,29900.88000000,-0.00000000
27.12000000,-559.60003200,266.04720000,0.00000000,29900.88000000,-0.00000000
27.15000000,-567.58586250,266.34150000,0.00000000,29900.88000000,-0.00000000
27.18000000,-575.58052200,266.63580000,0.00000000,29900.88000000,-0.00000000
27.21000000,-583.58401050,266.93010000,0.00000000,29900.88000000,-0.00000000
27.24000000,-591.59632800,267.22440000,0.00000000,29900.88000000,-0.00000000
27.27000000,-599.61747450,267.51870000,0.00000000,29900.88000000,-0.00000000
27.30000000,-607.64745000,267.81300000,0.00000000,29900.88000000,-0.00000000
27.33000000,-615.68625450,268.10730000,0.00000000,29900.88000000,-0.00000000
27.36000000,-623.73388800,268.40160000,0.00000000,29900.88000000,-0.00000000
27.39000000,-631.79035050,268.69590000,0.00000000,29900.88000000,-0.00000000
27.42000000,-639.85564200,268.99020000,0.00000000,29900.88000000,-0.00000000
27.45000000,-647.92976250,269.28450000,0.00000000,29900.88000000,-0.00000000
27.48000000,-656.01271200,269.57880000,0.00000000,29900.88000000,-0.00000000
27.51000000,-664.10449050,269.87310000,0.00000000,29900.88000000,-0.00000000
27.54000000,-672.20509800,270.16740000,0.00000000,29900.88000000,-0.00000000
27.57000000,-680.31453450,270.46170000,0.00000000,29900.88000000,-0.00000000
27.60000000,-688.43280000,270.75600000,0.00000000,29900.88000000,-0.00000000
27.63000000,-696.55989450,271.05030000,0.00000000,29900.88000000,-0.00000000
27.66000000,-704.69581800,271.34460000,0.00000000,29900.88000000,-0.00000000
27.69000000,-712.84057050,271.63890000,0.00000000,29900.88000000,-0.00000000
27.72000000,-720.99415200,271.93320000,0.00000000,29900.88000000,-0.00000000
27.75000000,-729.15656250,272.22750000,0.00000000,29900.88000000,-0.00000000
27.78000000,-737.32780200,272.52180000,0.00000000,29900.88000000,-0.00000000
27.81000000,-745.50787050,272.81610000,0.00000000,29900.88000000,-0.00000000
27.84000000,-753.69676800,273.11040000,0.00000000,29900.88000000,-0.00000000
27.87000000,-761.89449450,273.40470000,0.00000000,29900.88000000,-0.00000000
27.90000000,-770.10105000,273.69900000,0.00000000,29900.88000000,-0.00000000
27.93000000,-778.31643450,273.99330000,0.00000000,29900.88000000,-0.00000000
27.96000000,-786.54064800,274.28760000,0.00000000,29900.88000000,-0.00000000
27.99000000,-794.77369050,274.58190000,0.00000000,29900.88000000,-0.00000000
28.02000000,-803.01556200,274.87620000,0.00000000,29900.88000000,-0.00000000
28.05000000,-811.26626250,275.17050000,0.00000000,29900.88000000,-0.00000000
28.08000000,-819.52579200,275.46480000,0.00000000,29900.88000000,-0.00000000
28.11000000,-827.79415050,275.75910000,0.00000000,29900.88000000,-0.00000000
28.14000000,-836.07133800,276.05340000,0.00000000,29900.88000000,-0.00000000
28.17000000,-844.35735450,276.34770000,0.00000000,29900.88000000,-0.00000000
28.20000000,-852.65220000,276.64200000,0.00000000,29900.88000000,-0.00000000
28.23000000,-860.95587450,276.93630000,0.00000000,29900.88000000,-0.00000000
28.26000000,-869.26837800,277.23060000,0.00000000,29900.88000000,-0.00000000
28.29000000,-877.58971050,277.52490000,0.00000000,29900.88000000,-0.00000000
28.32000000,-885.91987200,277.81920000,0.00000000,29900.88000000,-0.00000000
28.35000000,-894.25886250,278.11350000,0.00000000,29900.88000000,-0.00000000
28.38000000,-902.60668200,278.40780000,0.00000000,29900.88000000,-0.00000000
28.41000000,-910.96333050,278.70210000,0.00000000,29900.88000000,-0.00000000
28.44000000,-919.32880800,278.99640000,0.00000000,29900.88000000,-0.00000000
28.47000000,-927.70311450,279.29070000,0.00000000,29900.88000000,-0.00000000
28.50000000,-936.08625000,279.58500000,0.00000000,29900.88000000,-0.00000000
28.53000000,-944.47821450,279.87930000,0.00000000,29900.88000000,-0.00000000
28.56000000,-952.87900800,280.17360000,0.00000000,29900.88000000,-0.00000000
28.59000000,-961.28863050,280.46790000,0.00000000,29900.88000000,0.00000000
28.62000000,-969.70708200,280.76220000,0.00000000,29900.88000000,0.00000000
28.65000000,-978.13436250,281.05650000,0.00000000,29900.88000000,0.00000000
28.68000000,-986.57047200,281.35080000,0.00000000,29900.88000000,0.00000000
28.71000000,-995.01541050,281.64510000,0.00000000,29900.88000000,0.00000000
28.74000000,-1003.46917800,281.93940000,0.00000000,29900.88000000,0.00000000
28.77000000,-1011.93177450,282.23370000,0.00000000,29900.88000000,0.00000000
28.80000000,-1020.40320000,282.52800000,0.00000000,29900.88000000,0.00000000
28.83000000,-1028.88345450,282.82230000,0.00000000,29900.88000000,0.00000000
28.86000000,-1037.37253800,283.11660000,0.00000000,29900.88000000,0.00000000
28.89000000,-1045.87045050,283.41090000,0.00000000,29900.88000000,0.00000000
28.92000000,-1054.37719200,283.70520000,0.00000000,29900.88000000,0.00000000
28.95000000,-1062.89276250,283.99950000,0.00000000,29900.88000000,0.00000000
28.98000000,-1071.41716200,284.29380000,0.00000000,29900.88000000,0.00000000
29.01000000,-1079.95039050,284.58810000,0.00000000,29900.88000000,0.00000000
29.04000000,-1088.49244800,284.88240000,0.00000000,29900.88000000,0.00000000
29.07000000,-1097.04333450,285.17670000,0.00000000,29900.88000000,0.00000000
29.10000000,-1105.60305000,285.47100000,0.00000000,29900.88000000,0.00000000
29.13000000,-1114.17159450,285.76530000,0.00000000,29900.88000000,0.00000000
29.16000000,-1122.74896800,286.05960000,0.00000000,29900.88000000,0.00000000
29.19000000,-1131.33517050,286.35390000,0.00000000,29900.88000000,0.00000000
29.22000000,-1139.93020200,286.64820000,0.00000000,29900.88000000,0.00000000
29.25000000,-1148.53406250,286.94250000,0.00000000,29900.88000000,0.00000000
29.28000000,-1157.14675200,287.23680000,0.00000000,29900.88000000,0.00000000
29.31000000,-1165.76827050,287.53110000,0.00000000,29900.88000000,0.00000000
29.34000000,-1174.39861800,287.82540000,0.00000000,29900.88000000,0.00000000
29.37000000,-1183.03779450,288.11970000,0.00000000,29900.88000000,0.00000000
29.40000000,-1191.68580000,288.41400000,0.00000000,29900.88000000,0.00000000
29.43000000,-1200.34263450,288.70830000,0.00000000,29900.88000000,0.00000000
29.46000000,-1209.00829800,289.00260000,0.00000000,29900.88000000,0.00000000
29.49000000,-1217.68279050,289.29690000,0.00000000,29900.88000000,0.00000000
29.52000000,-1226.36611200,289.59120000,0.00000000,29900.88000000,0.00000000
29.55000000,-1235.05826250,289.88550000,0.00000000,29900.88000000,0.00000000
29.58000000,-1243.75924200,290.17980000,0.00000000,29900.88000000,0.00000000
29.61000000,-1252.46905050,290.47410000,0.00000000,29900.88000000,0.00000000
29.64000000,-1261.18768800,290.76840000,0.00000000,29900.88000000,0.00000000
29.67000000,-1269.91515450,291.06270000,0.00000000,29900.88000000,0.00000000
29.70000000,-1278.65145000,291.35700000,0.00000000,29900.88000000,0.00000000
29.73000000,-1287.39657450,291.65130000,0.00000000,29900.88000000,0.00000000
29.76000000,-1296.15052800,291.94560000,0.00000000,29900.88000000,0.00000000
29.79000000,-1304.91331050,292.23990000,0.00000000,29900.88000000,0.00000000
29.82000000,-1313.68492200,292.53420000,0.00000000,29900.88000000,0.00000000
29.85000000,-1322.46536250,292.82850000,0.00000000,29900.88000000,0.00000000
29.88000000,-1331.25463200,293.12280000,0.00000000,29900.88000000,0.00000000
29.91000000,-1340.05273050,293.41710000,0.00000000,29900.88000000,0.00000000
29.94000000,-1348.85965800,293.71140000,0.00000000,29900.88000000,0.00000000
29.97000000,-1357.67541450,294.00570000,0.00000000,29900.88000000,0.00000000
30.00000000,-1366.50000000,294.30000000,0.00000000,29900.88000000,0.00000000
