u_mps,v_mps,w_mps,p_rps,q_rps,r_rps,phi_rad,theta_rad,psi_rad,x_e,y_e,z_e
84.9993000000,0.0000000000,1.2713000000,0.0000000000,0.0000000000,0.0000000000,0.0000000000,0.0150000000,0.0000000000,0.0000000000,0.0000000000,-3048.0000000000
84.9989728135,0.0000000000,1.2701560599,0.0000000000,0.0000027294,0.0000000000,0.0000000000,0.0149999195,0.0000000000,63.7564788766,0.0000000000,-3048.0032902018
84.9985943705,0.0000000000,1.2699869331,0.0000000000,0.0000148638,0.0000000000,0.0000000000,0.0150067136,0.0000000000,127.5126860636,0.0000000000,-3048.0072622580
84.9981507626,0.0000000000,1.2703055565,0.0000000000,0.0000178354,0.0000000000,0.0000000000,0.0150193857,0.0000000000,191.2685866016,0.0000000000,-3048.0117848248
84.9976397951,0.0000000000,1.2705160867,0.0000000000,0.0000145281,0.0000000000,0.0000000000,0.0150316200,0.0000000000,255.0241319724,0.0000000000,-3048.0169007409
84.9970708601,0.0000000000,1.2705461037,0.0000000000,0.0000115580,0.0000000000,0.0000000000,0.0150413222,0.0000000000,318.7792730382,0.0000000000,-3048.0226240130
84.9964544807,0.0000000000,1.2705467531,0.0000000000,0.0000104892,0.0000000000,0.0000000000,0.0150495371,0.0000000000,382.5339691668,0.0000000000,-3048.0289012426
84.9957984629,0.0000000000,1.2705942366,0.0000000000,0.0000099262,0.0000000000,0.0000000000,0.0150572026,0.0000000000,446.2881879696,0.0000000000,-3048.0356588303
84.9951095401,0.0000000000,1.2706705190,0.0000000000,0.0000089048,0.0000000000,0.0000000000,0.0150642878,0.0000000000,510.0419026986,0.0000000000,-3048.0428323460
84.9943950463,0.0000000000,1.2707455582,0.0000000000,0.0000075035,0.0000000000,0.0000000000,0.0150704501,0.0000000000,573.7950915380,0.0000000000,-3048.0503637636
84.9936629573,0.0000000000,1.2708131018,0.0000000000,0.0000060529,0.0000000000,0.0000000000,0.0150755325,0.0000000000,637.5477382297,0.0000000000,-3048.0581923126
84.9929213283,0.0000000000,1.2708791713,0.0000000000,0.0000046640,0.0000000000,0.0000000000,0.0150795499,0.0000000000,701.2998325606,0.0000000000,-3048.0662526201
84.9921780008,0.0000000000,1.2709471614,0.0000000000,0.0000032924,0.0000000000,0.0000000000,0.0150825342,0.0000000000,765.0513703430,0.0000000000,-3048.0744774256
84.9914405899,0.0000000000,1.2710158497,0.0000000000,0.0000019023,0.0000000000,0.0000000000,0.0150844828,0.0000000000,828.8023531960,0.0000000000,-3048.0827997812
84.9907164970,0.0000000000,1.2710831326,0.0000000000,0.0000005075,0.0000000000,0.0000000000,0.0150853856,0.0000000000,892.5527883512,0.0000000000,-3048.0911536858
84.9900128508,0.0000000000,1.2711479905,0.0000000000,-0.0000008632,0.0000000000,0.0000000000,0.0150852501,0.0000000000,956.3026884753,0.0000000000,-3048.0994742847
84.9893364196,0.0000000000,1.2712100947,0.0000000000,-0.0000021907,0.0000000000,0.0000000000,0.0150841019,0.0000000000,1020.0520714436,0.0000000000,-3048.1076983561
84.9886935380,0.0000000000,1.2712690800,0.0000000000,-0.0000034646,0.0000000000,0.0000000000,0.0150819775,0.0000000000,1083.8009600437,0.0000000000,-3048.1157650028
84.9880900541,0.0000000000,1.2713244033,0.0000000000,-0.0000046756,0.0000000000,0.0000000000,0.0150789206,0.0000000000,1147.5493816285,0.0000000000,-3048.1236163006
84.9875312840,0.0000000000,1.2713755123,0.0000000000,-0.0000058129,0.0000000000,0.0000000000,0.0150749825,0.0000000000,1211.2973677324,0.0000000000,-3048.1311978290
84.9870219704,0.0000000000,1.2714219540,0.0000000000,-0.0000068657,0.0000000000,0.0000000000,0.0150702224,0.0000000000,1275.0449536571,0.0000000000,-3048.1384591312
84.9865662451,0.0000000000,1.2714633667,0.0000000000,-0.0000078249,0.0000000000,0.0000000000,0.0150647073,0.0000000000,1338.7921780281,0.0000000000,-3048.1453541344
84.9861676001,0.0000000000,1.2714994472,0.0000000000,-0.0000086827,0.0000000000,0.0000000000,0.0150585105,0.0000000000,1402.5390823263,0.0000000000,-3048.1518415288
84.9858288654,0.0000000000,1.2715299434,0.0000000000,-0.0000094327,0.0000000000,0.0000000000,0.0150517103,0.0000000000,1466.2857103995,0.0000000000,-3048.1578850898
84.9855521949,0.0000000000,1.2715546623,0.0000000000,-0.0000100696,0.0000000000,0.0000000000,0.0150443897,0.0000000000,1530.0321079615,0.0000000000,-3048.1634539376
84.9853390595,0.0000000000,1.2715734764,0.0000000000,-0.0000105893,0.0000000000,0.0000000000,0.0150366352,0.0000000000,1593.7783220824,0.0000000000,-3048.1685227349
84.9851902465,0.0000000000,1.2715863229,0.0000000000,-0.0000109891,0.0000000000,0.0000000000,0.0150285357,0.0000000000,1657.5244006767,0.0000000000,-3048.1730718246
84.9851058670,0.0000000000,1.2715932020,0.0000000000,-0.0000112675,0.0000000000,0.0000000000,0.0150201819,0.0000000000,1721.2703919939,0.0000000000,-3048.1770873057
84.9850853691,0.0000000000,1.2715941743,0.0000000000,-0.0000114243,0.0000000000,0.0000000000,0.0150116648,0.0000000000,1785.0163441170,0.0000000000,-3048.1805610500
84.9851275588,0.0000000000,1.2715893596,0.0000000000,-0.0000114606,0.0000000000,0.0000000000,0.0150030755,0.0000000000,1848.7623044733,0.0000000000,-3048.1834906581
84.9852306255,0.0000000000,1.2715789343,0.0000000000,-0.0000113787,0.0000000000,0.0000000000,0.0149945035,0.0000000000,1912.5083193632,0.0000000000,-3048.1858793582
84.9853921751,0.0000000000,1.2715631286,0.0000000000,-0.0000111819,0.0000000000,0.0000000000,0.0149860362,0.0000000000,1976.2544335104,0.0000000000,-3048.1877358491
84.9856092663,0.0000000000,1.2715422230,0.0000000000,-0.0000108749,0.0000000000,0.0000000000,0.0149777582,0.0000000000,2040.0006896385,0.0000000000,-3048.1890740913
84.9858784537,0.0000000000,1.2715165438,0.0000000000,-0.0000104632,0.0000000000,0.0000000000,0.0149697500,0.0000000000,2103.7471280775,0.0000000000,-3048.1899130479
84.9861958335,0.0000000000,1.2714864591,0.0000000000,-0.0000099534,0.0000000000,0.0000000000,0.0149620879,0.0000000000,2167.4937864028,0.0000000000,-3048.1902763807
84.9865570941,0.0000000000,1.2714523741,0.0000000000,-0.0000093527,0.0000000000,0.0000000000,0.0149548427,0.0000000000,2231.2406991113,0.0000000000,-3048.1901921043
84.9869575689,0.0000000000,1.2714147262,0.0000000000,-0.0000086694,0.0000000000,0.0000000000,0.0149480795,0.0000000000,2294.9878973352,0.0000000000,-3048.1896922038
84.9873922921,0.0000000000,1.2713739796,0.0000000000,-0.0000079123,0.0000000000,0.0000000000,0.0149418571,0.0000000000,2358.7354085972,0.0000000000,-3048.1888122196
84.9878560561,0.0000000000,1.2713306200,0.0000000000,-0.0000070908,0.0000000000,0.0000000000,0.0149362272,0.0000000000,2422.4832566079,0.0000000000,-3048.1875908053
84.9883434704,0.0000000000,1.2712851492,0.0000000000,-0.0000062147,0.0000000000,0.0000000000,0.0149312345,0.0000000000,2486.2314611064,0.0000000000,-3048.1860692631
84.9888490203,0.0000000000,1.2712380797,0.0000000000,-0.0000052941,0.0000000000,0.0000000000,0.0149269163,0.0000000000,2549.9800377456,0.0000000000,-3048.1842910628
84.9893671271,0.0000000000,1.2711899290,0.0000000000,-0.0000043396,0.0000000000,0.0000000000,0.0149233018,0.0000000000,2613.7289980215,0.0000000000,-3048.1823013485
84.9898922056,0.0000000000,1.2711412142,0.0000000000,-0.0000033616,0.0000000000,0.0000000000,0.0149204128,0.0000000000,2677.4783492467,0.0000000000,-3048.1801464392
84.9904187223,0.0000000000,1.2710924471,0.0000000000,-0.0000023706,0.0000000000,0.0000000000,0.0149182627,0.0000000000,2741.2280945676,0.0000000000,-3048.1778733289
84.9909412507,0.0000000000,1.2710441284,0.0000000000,-0.0000013772,0.0000000000,0.0000000000,0.0149168574,0.0000000000,2804.9782330233,0.0000000000,-3048.1755291896
84.9914545243,0.0000000000,1.2709967433,0.0000000000,-0.0000003915,0.0000000000,0.0000000000,0.0149161949,0.0000000000,2868.7287596460,0.0000000000,-3048.1731608844
84.9919534875,0.0000000000,1.2709507569,0.0000000000,0.0000005765,0.0000000000,0.0000000000,0.0149162657,0.0000000000,2932.4796656001,0.0000000000,-3048.1708144944
84.9924333423,0.0000000000,1.2709066096,0.0000000000,0.0000015173,0.0000000000,0.0000000000,0.0149170529,0.0000000000,2996.2309383571,0.0000000000,-3048.1685348628
84.9928895924,0.0000000000,1.2708647132,0.0000000000,0.0000024219,0.0000000000,0.0000000000,0.0149185327,0.0000000000,3059.9825619058,0.0000000000,-3048.1663651636
84.9933180819,0.0000000000,1.2708254474,0.0000000000,0.0000032818,0.0000000000,0.0000000000,0.0149206746,0.0000000000,3123.7345169924,0.0000000000,-3048.1643464953
84.9937150309,0.0000000000,1.2707891567,0.0000000000,0.0000040891,0.0000000000,0.0000000000,0.0149234422,0.0000000000,3187.4867813893,0.0000000000,-3048.1625175052
84.9940770659,0.0000000000,1.2707561474,0.0000000000,0.0000048368,0.0000000000,0.0000000000,0.0149267933,0.0000000000,3251.2393301882,0.0000000000,-3048.1609140480
84.9944012453,0.0000000000,1.2707266855,0.0000000000,0.0000055185,0.0000000000,0.0000000000,0.0149306809,0.0000000000,3314.9921361139,0.0000000000,-3048.1595688789
84.9946850799,0.0000000000,1.2707009948,0.0000000000,0.0000061286,0.0000000000,0.0000000000,0.0149350531,0.0000000000,3378.7451698564,0.0000000000,-3048.1585113865
84.9949265488,0.0000000000,1.2706792555,0.0000000000,0.0000066625,0.0000000000,0.0000000000,0.0149398547,0.0000000000,3442.4984004154,0.0000000000,-3048.1577673657
84.9951241096,0.0000000000,1.2706616034,0.0000000000,0.0000071165,0.0000000000,0.0000000000,0.0149450269,0.0000000000,3506.2517954556,0.0000000000,-3048.1573588321
84.9952767036,0.0000000000,1.2706481294,0.0000000000,0.0000074875,0.0000000000,0.0000000000,0.0149505087,0.0000000000,3570.0053216669,0.0000000000,-3048.1573038798
84.9953837563,0.0000000000,1.2706388798,0.0000000000,0.0000077736,0.0000000000,0.0000000000,0.0149562369,0.0000000000,3633.7589451276,0.0000000000,-3048.1576165817
84.9954451721,0.0000000000,1.2706338562,0.0000000000,0.0000079739,0.0000000000,0.0000000000,0.0149621476,0.0000000000,3697.5126316651,0.0000000000,-3048.1583069342
84.9954613253,0.0000000000,1.2706330173,0.0000000000,0.0000080880,0.0000000000,0.0000000000,0.0149681762,0.0000000000,3761.2663472119,0.0000000000,-3048.1593808441
84.9954330458,0.0000000000,1.2706362797,0.0000000000,0.0000081167,0.0000000000,0.0000000000,0.0149742582,0.0000000000,3825.0200581522,0.0000000000,-3048.1608401582
84.9953616001,0.0000000000,1.2706435197,0.0000000000,0.0000080617,0.0000000000,0.0000000000,0.0149803303,0.0000000000,3888.7737316566,0.0000000000,-3048.1626827334
84.9952486694,0.0000000000,1.2706545757,0.0000000000,0.0000079253,0.0000000000,0.0000000000,0.0149863304,0.0000000000,3952.5273360009,0.0000000000,-3048.1649025465
84.9950963230,0.0000000000,1.2706692506,0.0000000000,0.0000077107,0.0000000000,0.0000000000,0.0149921987,0.0000000000,4016.2808408673,0.0000000000,-3048.1674898414
84.9949069882,0.0000000000,1.2706873144,0.0000000000,0.0000074218,0.0000000000,0.0000000000,0.0149978778,0.0000000000,4080.0342176239,0.0000000000,-3048.1704313111
84.9946834183,0.0000000000,1.2707085076,0.0000000000,0.0000070632,0.0000000000,0.0000000000,0.0150033139,0.0000000000,4143.7874395811,0.0000000000,-3048.1737103119
84.9944286564,0.0000000000,1.2707325444,0.0000000000,0.0000066401,0.0000000000,0.0000000000,0.0150084565,0.0000000000,4207.5404822224,0.0000000000,-3048.1773071078
84.9941459986,0.0000000000,1.2707591160,0.0000000000,0.0000061583,0.0000000000,0.0000000000,0.0150132593,0.0000000000,4271.2933234075,0.0000000000,-3048.1811991405
84.9938389541,0.0000000000,1.2707878945,0.0000000000,0.0000056240,0.0000000000,0.0000000000,0.0150176808,0.0000000000,4335.0459435477,0.0000000000,-3048.1853613224
84.9935112050,0.0000000000,1.2708185364,0.0000000000,0.0000050438,0.0000000000,0.0000000000,0.0150216839,0.0000000000,4398.7983257496,0.0000000000,-3048.1897663499
84.9931665644,0.0000000000,1.2708506871,0.0000000000,0.0000044248,0.0000000000,0.0000000000,0.0150252368,0.0000000000,4462.5504559295,0.0000000000,-3048.1943850313
84.9928089348,0.0000000000,1.2708839838,0.0000000000,0.0000037739,0.0000000000,0.0000000000,0.0150283131,0.0000000000,4526.3023228957,0.0000000000,-3048.1991866279
84.9924422659,0.0000000000,1.2709180604,0.0000000000,0.0000030987,0.0000000000,0.0000000000,0.0150308916,0.0000000000,4590.0539183996,0.0000000000,-3048.2041392027
84.9920705132,0.0000000000,1.2709525505,0.0000000000,0.0000024067,0.0000000000,0.0000000000,0.0150329570,0.0000000000,4653.8052371555,0.0000000000,-3048.2092099741
84.9916975973,0.0000000000,1.2709870917,0.0000000000,0.0000017051,0.0000000000,0.0000000000,0.0150344992,0.0000000000,4717.5562768297,0.0000000000,-3048.2143656706
84.9913273648,0.0000000000,1.2710213290,0.0000000000,0.0000010015,0.0000000000,0.0000000000,0.0150355141,0.0000000000,4781.3070379991,0.0000000000,-3048.2195728819
84.9909635499,0.0000000000,1.2710549182,0.0000000000,0.0000003031,0.0000000000,0.0000000000,0.0150360028,0.0000000000,4845.0575240817,0.0000000000,-3048.2247984049
84.9906097393,0.0000000000,1.2710875295,0.0000000000,-0.0000003830,0.0000000000,0.0000000000,0.0150359719,0.0000000000,4908.8077412390,0.0000000000,-3048.2300095789
84.9902693381,0.0000000000,1.2711188502,0.0000000000,-0.0000010501,0.0000000000,0.0000000000,0.0150354331,0.0000000000,4972.5576982521,0.0000000000,-3048.2351746086
84.9899455394,0.0000000000,1.2711485877,0.0000000000,-0.0000016919,0.0000000000,0.0000000000,0.0150344031,0.0000000000,5036.3074063748,0.0000000000,-3048.2402628704
84.9896412958,0.0000000000,1.2711764721,0.0000000000,-0.0000023021,0.0000000000,0.0000000000,0.0150329032,0.0000000000,5100.0568791634,0.0000000000,-3048.2452452010
84.9893592948,0.0000000000,1.2712022585,0.0000000000,-0.0000028754,0.0000000000,0.0000000000,0.0150309591,0.0000000000,5163.8061322873,0.0000000000,-3048.2500941635
84.9891019369,0.0000000000,1.2712257286,0.0000000000,-0.0000034066,0.0000000000,0.0000000000,0.0150286006,0.0000000000,5227.5551833220,0.0000000000,-3048.2547842909
84.9888713174,0.0000000000,1.2712466929,0.0000000000,-0.0000038913,0.0000000000,0.0000000000,0.0150258608,0.0000000000,5291.3040515272,0.0000000000,-3048.2592923036
84.9886692115,0.0000000000,1.2712649916,0.0000000000,-0.0000043254,0.0000000000,0.0000000000,0.0150227763,0.0000000000,5355.0527576122,0.0000000000,-3048.2635972995
84.9884970631,0.0000000000,1.2712804959,0.0000000000,-0.0000047056,0.0000000000,0.0000000000,0.0150193862,0.0000000000,5418.8013234921,0.0000000000,-3048.2676809164
84.9883559776,0.0000000000,1.2712931082,0.0000000000,-0.0000050293,0.0000000000,0.0000000000,0.0150157320,0.0000000000,5482.5497720366,0.0000000000,-3048.2715274639
84.9882467179,0.0000000000,1.2713027628,0.0000000000,-0.0000052943,0.0000000000,0.0000000000,0.0150118569,0.0000000000,5546.2981268148,0.0000000000,-3048.2751240255
84.9881697037,0.0000000000,1.2713094259,0.0000000000,-0.0000054993,0.0000000000,0.0000000000,0.0150078055,0.0000000000,5610.0464118382,0.0000000000,-3048.2784605299
84.9881250154,0.0000000000,1.2713130949,0.0000000000,-0.0000056434,0.0000000000,0.0000000000,0.0150036232,0.0000000000,5673.7946513050,0.0000000000,-3048.2815297918
84.9881124002,0.0000000000,1.2713137980,0.0000000000,-0.0000057265,0.0000000000,0.0000000000,0.0149993557,0.0000000000,5737.5428693484,0.0000000000,-3048.2843275219
84.9881312823,0.0000000000,1.2713115933,0.0000000000,-0.0000057491,0.0000000000,0.0000000000,0.0149950486,0.0000000000,5801.2910897903,0.0000000000,-3048.2868523070
84.9881807757,0.0000000000,1.2713065671,0.0000000000,-0.0000057123,0.0000000000,0.0000000000,0.0149907469,0.0000000000,5865.0393359043,0.0000000000,-3048.2891055618
84.9882597004,0.0000000000,1.2712988332,0.0000000000,-0.0000056177,0.0000000000,0.0000000000,0.0149864946,0.0000000000,5928.7876301894,0.0000000000,-3048.2910914518
84.9883666006,0.0000000000,1.2712885303,0.0000000000,-0.0000054677,0.0000000000,0.0000000000,0.0149823342,0.0000000000,5992.5359941564,0.0000000000,-3048.2928167901
84.9884997658,0.0000000000,1.2712758203,0.0000000000,-0.0000052650,0.0000000000,0.0000000000,0.0149783062,0.0000000000,6056.2844481291,0.0000000000,-3048.2942909097
84.9886572543,0.0000000000,1.2712608866,0.0000000000,-0.0000050127,0.0000000000,0.0000000000,0.0149744491,0.0000000000,6120.0330110627,0.0000000000,-3048.2955255126
84.9888369175,0.0000000000,1.2712439310,0.0000000000,-0.0000047147,0.0000000000,0.0000000000,0.0149707986,0.0000000000,6183.7817003789,0.0000000000,-3048.2965344971
84.9890364269,0.0000000000,1.2712251718,0.0000000000,-0.0000043749,0.0000000000,0.0000000000,0.0149673875,0.0000000000,6247.5305318219,0.0000000000,-3048.2973337682
84.9892533020,0.0000000000,1.2712048407,0.0000000000,-0.0000039977,0.0000000000,0.0000000000,0.0149642456,0.0000000000,6311.2795193333,0.0000000000,-3048.2979410295
84.9894849387,0.0000000000,1.2711831809,0.0000000000,-0.0000035879,0.0000000000,0.0000000000,0.0149613991,0.0000000000,6375.0286749493,0.0000000000,-3048.2983755632
84.9897286390,0.0000000000,1.2711604433,0.0000000000,-0.0000031503,0.0000000000,0.0000000000,0.0149588708,0.0000000000,6438.7780087191,0.0000000000,-3048.2986579970
84.9899816407,0.0000000000,1.2711368848,0.0000000000,-0.0000026900,0.0000000000,0.0000000000,0.0149566794,0.0000000000,6502.5275286458,0.0000000000,-3048.2988100639
84.9902411467,0.0000000000,1.2711127647,0.0000000000,-0.0000022123,0.0000000000,0.0000000000,0.0149548401,0.0000000000,6566.2772406490,0.0000000000,-3048.2988543548
84.9905043551,0.0000000000,1.2710883426,0.0000000000,-0.0000017225,0.0000000000,0.0000000000,0.0149533639,0.0000000000,6630.0271485503,0.0000000000,-3048.2988140683
84.9907684877,0.0000000000,1.2710638754,0.0000000000,-0.0000012258,0.0000000000,0.0000000000,0.0149522581,0.0000000000,6693.7772540800,0.0000000000,-3048.2987127598
84.9910308176,0.0000000000,1.2710396147,0.0000000000,-0.0000007274,0.0000000000,0.0000000000,0.0149515257,0.0000000000,6757.5275569055,0.0000000000,-3048.2985740919
84.9912886965,0.0000000000,1.2710158046,0.0000000000,-0.0000002325,0.0000000000,0.0000000000,0.0149511661,0.0000000000,6821.2780546802,0.0000000000,-3048.2984215901
84.9915395802,0.0000000000,1.2709926791,0.0000000000,0.0000002538,0.0000000000,0.0000000000,0.0149511748,0.0000000000,6885.0287431112,0.0000000000,-3048.2982784043
84.9917810517,0.0000000000,1.2709704602,0.0000000000,0.0000007269,0.0000000000,0.0000000000,0.0149515435,0.0000000000,6948.7796160469,0.0000000000,-3048.2981670803
84.9920108438,0.0000000000,1.2709493555,0.0000000000,0.0000011821,0.0000000000,0.0000000000,0.0149522607,0.0000000000,7012.5306655800,0.0000000000,-3048.2981093416
84.9922268589,0.0000000000,1.2709295568,0.0000000000,0.0000016152,0.0000000000,0.0000000000,0.0149533112,0.0000000000,7076.2818821680,0.0000000000,-3048.2981258852
84.9924271865,0.0000000000,1.2709112382,0.0000000000,0.0000020222,0.0000000000,0.0000000000,0.0149546769,0.0000000000,7140.0332547663,0.0000000000,-3048.2982361921
84.9926101191,0.0000000000,1.2708945549,0.0000000000,0.0000023996,0.0000000000,0.0000000000,0.0149563371,0.0000000000,7203.7847709744,0.0000000000,-3048.2984583541
84.9927741648,0.0000000000,1.2708796417,0.0000000000,0.0000027440,0.0000000000,0.0000000000,0.0149582681,0.0000000000,7267.5364171931,0.0000000000,-3048.2988089192
84.9929180580,0.0000000000,1.2708666127,0.0000000000,0.0000030528,0.0000000000,0.0000000000,0.0149604442,0.0000000000,7331.2881787901,0.0000000000,-3048.2993027561
84.9930407676,0.0000000000,1.2708555597,0.0000000000,0.0000033235,0.0000000000,0.0000000000,0.0149628377,0.0000000000,7395.0400402725,0.0000000000,-3048.2999529384
84.9931415019,0.0000000000,1.2708465527,0.0000000000,0.0000035542,0.0000000000,0.0000000000,0.0149654194,0.0000000000,7458.7919854643,0.0000000000,-3048.3007706504
84.9932197122,0.0000000000,1.2708396388,0.0000000000,0.0000037434,0.0000000000,0.0000000000,0.0149681587,0.0000000000,7522.5439976878,0.0000000000,-3048.3017651138
84.9932750922,0.0000000000,1.2708348429,0.0000000000,0.0000038901,0.0000000000,0.0000000000,0.0149710239,0.0000000000,7586.2960599448,0.0000000000,-3048.3029435366
84.9933075766,0.0000000000,1.2708321677,0.0000000000,0.0000039937,0.0000000000,0.0000000000,0.0149739830,0.0000000000,7650.0481550983,0.0000000000,-3048.3043110834
84.9933173359,0.0000000000,1.2708315937,0.0000000000,0.0000040541,0.0000000000,0.0000000000,0.0149770037,0.0000000000,7713.8002660509,0.0000000000,-3048.3058708672
84.9933047699,0.0000000000,1.2708330808,0.0000000000,0.0000040717,0.0000000000,0.0000000000,0.0149800535,0.0000000000,7777.5523759194,0.0000000000,-3048.3076239630
84.9932704980,0.0000000000,1.2708365683,0.0000000000,0.0000040471,0.0000000000,0.0000000000,0.0149831007,0.0000000000,7841.3044682027,0.0000000000,-3048.3095694413
84.9932153488,0.0000000000,1.2708419766,0.0000000000,0.0000039817,0.0000000000,0.0000000000,0.0149861140,0.0000000000,7905.0565269428,0.0000000000,-3048.3117044218
84.9931403462,0.0000000000,1.2708492080,0.0000000000,0.0000038768,0.0000000000,0.0000000000,0.0149890633,0.0000000000,7968.8085368761,0.0000000000,-3048.3140241459
84.9930466953,0.0000000000,1.2708581483,0.0000000000,0.0000037346,0.0000000000,0.0000000000,0.0149919199,0.0000000000,8032.5604835750,0.0000000000,-3048.3165220666
84.9929357656,0.0000000000,1.2708686684,0.0000000000,0.0000035572,0.0000000000,0.0000000000,0.0149946564,0.0000000000,8096.3123535768,0.0000000000,-3048.3191899549
84.9928090734,0.0000000000,1.2708806259,0.0000000000,0.0000033473,0.0000000000,0.0000000000,0.0149972475,0.0000000000,8160.0641345007,0.0000000000,-3048.3220180213
84.9926682636,0.0000000000,1.2708938664,0.0000000000,0.0000031076,0.0000000000,0.0000000000,0.0149996699,0.0000000000,8223.8158151510,0.0000000000,-3048.3249950503
84.9925150891,0.0000000000,1.2709082263,0.0000000000,0.0000028415,0.0000000000,0.0000000000,0.0150019023,0.0000000000,8287.5673856054,0.0000000000,-3048.3281085468
84.9923513912,0.0000000000,1.2709235338,0.0000000000,0.0000025520,0.0000000000,0.0000000000,0.0150039262,0.0000000000,8351.3188372890,0.0000000000,-3048.3313448918
84.9921790785,0.0000000000,1.2709396112,0.0000000000,0.0000022428,0.0000000000,0.0000000000,0.0150057254,0.0000000000,8415.0701630325,0.0000000000,-3048.3346895076
84.9920001059,0.0000000000,1.2709562769,0.0000000000,0.0000019174,0.0000000000,0.0000000000,0.0150072864,0.0000000000,8478.8213571145,0.0000000000,-3048.3381270271
84.9918164535,0.0000000000,1.2709733472,0.0000000000,0.0000015795,0.0000000000,0.0000000000,0.0150085984,0.0000000000,8542.5724152885,0.0000000000,-3048.3416414696
84.9916301060,0.0000000000,1.2709906382,0.0000000000,0.0000012328,0.0000000000,0.0000000000,0.0150096534,0.0000000000,8606.3233347938,0.0000000000,-3048.3452164174
84.9914430319,0.0000000000,1.2710079681,0.0000000000,0.0000008812,0.0000000000,0.0000000000,0.0150104464,0.0000000000,8670.0741143516,0.0000000000,-3048.3488351940
84.9912571639,0.0000000000,1.2710251584,0.0000000000,0.0000005282,0.0000000000,0.0000000000,0.0150109748,0.0000000000,8733.8247541447,0.0000000000,-3048.3524810405
84.9910743799,0.0000000000,1.2710420359,0.0000000000,0.0000001776,0.0000000000,0.0000000000,0.0150112392,0.0000000000,8797.5752557843,0.0000000000,-3048.3561372891
84.9908964850,0.0000000000,1.2710584348,0.0000000000,-0.0000001672,0.0000000000,0.0000000000,0.0150112426,0.0000000000,8861.3256222613,0.0000000000,-3048.3597875319
84.9907251943,0.0000000000,1.2710741974,0.0000000000,-0.0000005026,0.0000000000,0.0000000000,0.0150109908,0.0000000000,8925.0758578862,0.0000000000,-3048.3634157833
84.9905621178,0.0000000000,1.2710891762,0.0000000000,-0.0000008255,0.0000000000,0.0000000000,0.0150104919,0.0000000000,8988.8259682151,0.0000000000,-3048.3670066348
84.9904087458,0.0000000000,1.2711032350,0.0000000000,-0.0000011329,0.0000000000,0.0000000000,0.0150097564,0.0000000000,9052.5759599659,0.0000000000,-3048.3705453994
84.9902664363,0.0000000000,1.2711162500,0.0000000000,-0.0000014219,0.0000000000,0.0000000000,0.0150087971,0.0000000000,9116.3258409237,0.0000000000,-3048.3740182472
84.9901364044,0.0000000000,1.2711281107,0.0000000000,-0.0000016900,0.0000000000,0.0000000000,0.0150076288,0.0000000000,9180.0756198374,0.0000000000,-3048.3774123274
84.9900197124,0.0000000000,1.2711387210,0.0000000000,-0.0000019348,0.0000000000,0.0000000000,0.0150062680,0.0000000000,9243.8253063095,0.0000000000,-3048.3807158790
84.9899172627,0.0000000000,1.2711479996,0.0000000000,-0.0000021545,0.0000000000,0.0000000000,0.0150047329,0.0000000000,9307.5749106782,0.0000000000,-3048.3839183271
84.9898297920,0.0000000000,1.2711558808,0.0000000000,-0.0000023472,0.0000000000,0.0000000000,0.0150030430,0.0000000000,9371.3244438957,0.0000000000,-3048.3870103651
84.9897578671,0.0000000000,1.2711623145,0.0000000000,-0.0000025117,0.0000000000,0.0000000000,0.0150012191,0.0000000000,9435.0739174024,0.0000000000,-3048.3899840225
84.9897018834,0.0000000000,1.2711672666,0.0000000000,-0.0000026468,0.0000000000,0.0000000000,0.0149992828,0.0000000000,9498.8233429991,0.0000000000,-3048.3928327167
84.9896620639,0.0000000000,1.2711707189,0.0000000000,-0.0000027518,0.0000000000,0.0000000000,0.0149972564,0.0000000000,9562.5727327178,0.0000000000,-3048.3955512903
84.9896384613,0.0000000000,1.2711726690,0.0000000000,-0.0000028264,0.0000000000,0.0000000000,0.0149951627,0.0000000000,9626.3220986936,0.0000000000,-3048.3981360326
84.9896309609,0.0000000000,1.2711731300,0.0000000000,-0.0000028703,0.0000000000,0.0000000000,0.0149930245,0.0000000000,9690.0714530384,0.0000000000,-3048.4005846854
84.9896392855,0.0000000000,1.2711721299,0.0000000000,-0.0000028838,0.0000000000,0.0000000000,0.0149908648,0.0000000000,9753.8208077164,0.0000000000,-3048.4028964348
84.9896630020,0.0000000000,1.2711697110,0.0000000000,-0.0000028675,0.0000000000,0.0000000000,0.0149887062,0.0000000000,9817.5701744259,0.0000000000,-3048.4050718874
84.9897015290,0.0000000000,1.2711659293,0.0000000000,-0.0000028222,0.0000000000,0.0000000000,0.0149865708,0.0000000000,9881.3195644844,0.0000000000,-3048.4071130328
84.9897541460,0.0000000000,1.2711608536,0.0000000000,-0.0000027490,0.0000000000,0.0000000000,0.0149844799,0.0000000000,9945.0689887215,0.0000000000,-3048.4090231932
84.9898200042,0.0000000000,1.2711545643,0.0000000000,-0.0000026492,0.0000000000,0.0000000000,0.0149824540,0.0000000000,10008.8184573784,0.0000000000,-3048.4108069597
84.9898981376,0.0000000000,1.2711471525,0.0000000000,-0.0000025244,0.0000000000,0.0000000000,0.0149805124,0.0000000000,10072.5679800162,0.0000000000,-3048.4124701175
84.9899874759,0.0000000000,1.2711387189,0.0000000000,-0.0000023765,0.0000000000,0.0000000000,0.0149786732,0.0000000000,10136.3175654326,0.0000000000,-3048.4140195604
84.9900868572,0.0000000000,1.2711293723,0.0000000000,-0.0000022075,0.0000000000,0.0000000000,0.0149769529,0.0000000000,10200.0672215887,0.0000000000,-3048.4154631957
84.9901950424,0.0000000000,1.2711192286,0.0000000000,-0.0000020197,0.0000000000,0.0000000000,0.0149753666,0.0000000000,10263.8169555457,0.0000000000,-3048.4168098412
84.9903107296,0.0000000000,1.2711084092,0.0000000000,-0.0000018152,0.0000000000,0.0000000000,0.0149739276,0.0000000000,10327.5667734126,0.0000000000,-3048.4180691142
84.9904325683,0.0000000000,1.2710970399,0.0000000000,-0.0000015967,0.0000000000,0.0000000000,0.0149726473,0.0000000000,10391.3166803041,0.0000000000,-3048.4192513163
84.9905591750,0.0000000000,1.2710852493,0.0000000000,-0.0000013666,0.0000000000,0.0000000000,0.0149715355,0.0000000000,10455.0666803105,0.0000000000,-3048.4203673118
84.9906891475,0.0000000000,1.2710731674,0.0000000000,-0.0000011275,0.0000000000,0.0000000000,0.0149705997,0.0000000000,10518.8167764782,0.0000000000,-3048.4214284050
84.9908210801,0.0000000000,1.2710609245,0.0000000000,-0.0000008822,0.0000000000,0.0000000000,0.0149698458,0.0000000000,10582.5669708010,0.0000000000,-3048.4224462138
84.9909535780,0.0000000000,1.2710486494,0.0000000000,-0.0000006332,0.0000000000,0.0000000000,0.0149692773,0.0000000000,10646.3172642236,0.0000000000,-3048.4234325446
84.9910852711,0.0000000000,1.2710364688,0.0000000000,-0.0000003832,0.0000000000,0.0000000000,0.0149688962,0.0000000000,10710.0676566543,0.0000000000,-3048.4243992665
84.9912148276,0.0000000000,1.2710245054,0.0000000000,-0.0000001348,0.0000000000,0.0000000000,0.0149687022,0.0000000000,10773.8181469888,0.0000000000,-3048.4253581887
84.9913409672,0.0000000000,1.2710128768,0.0000000000,0.0000001096,0.0000000000,0.0000000000,0.0149686930,0.0000000000,10837.5687331444,0.0000000000,-3048.4263209406
84.9914624725,0.0000000000,1.2710016950,0.0000000000,0.0000003474,0.0000000000,0.0000000000,0.0149688649,0.0000000000,10901.3194121020,0.0000000000,-3048.4272988569
84.9915782005,0.0000000000,1.2709910647,0.0000000000,0.0000005765,0.0000000000,0.0000000000,0.0149692120,0.0000000000,10965.0701799582,0.0000000000,-3048.4283028675
84.9916870923,0.0000000000,1.2709810826,0.0000000000,0.0000007946,0.0000000000,0.0000000000,0.0149697269,0.0000000000,11028.8210319844,0.0000000000,-3048.4293433949
84.9917881827,0.0000000000,1.2709718368,0.0000000000,0.0000009998,0.0000000000,0.0000000000,0.0149704007,0.0000000000,11092.5719626936,0.0000000000,-3048.4304302580
84.9918806072,0.0000000000,1.2709634058,0.0000000000,0.0000011902,0.0000000000,0.0000000000,0.0149712229,0.0000000000,11156.3229659133,0.0000000000,-3048.4315725854
84.9919636095,0.0000000000,1.2709558581,0.0000000000,0.0000013643,0.0000000000,0.0000000000,0.0149721819,0.0000000000,11220.0740348637,0.0000000000,-3048.4327787365
84.9920365464,0.0000000000,1.2709492516,0.0000000000,0.0000015205,0.0000000000,0.0000000000,0.0149732648,0.0000000000,11283.8251622405,0.0000000000,-3048.4340562330
84.9920988917,0.0000000000,1.2709436333,0.0000000000,0.0000016577,0.0000000000,0.0000000000,0.0149744579,0.0000000000,11347.5763403013,0.0000000000,-3048.4354117002
84.9921502395,0.0000000000,1.2709390391,0.0000000000,0.0000017749,0.0000000000,0.0000000000,0.0149757464,0.0000000000,11411.3275609547,0.0000000000,-3048.4368508188
84.9921903056,0.0000000000,1.2709354934,0.0000000000,0.0000018714,0.0000000000,0.0000000000,0.0149771151,0.0000000000,11475.0788158507,0.0000000000,-3048.4383782877
84.9922189275,0.0000000000,1.2709330095,0.0000000000,0.0000019466,0.0000000000,0.0000000000,0.0149785482,0.0000000000,11538.8300964722,0.0000000000,-3048.4399977969
84.9922360635,0.0000000000,1.2709315896,0.0000000000,0.0000020001,0.0000000000,0.0000000000,0.0149800296,0.0000000000,11602.5813942254,0.0000000000,-3048.4417120125
84.9922417906,0.0000000000,1.2709312248,0.0000000000,0.0000020320,0.0000000000,0.0000000000,0.0149815430,0.0000000000,11666.3327005302,0.0000000000,-3048.4435225713
84.9922363009,0.0000000000,1.2709318957,0.0000000000,0.0000020424,0.0000000000,0.0000000000,0.0149830722,0.0000000000,11730.0840069075,0.0000000000,-3048.4454300873
84.9922198974,0.0000000000,1.2709335726,0.0000000000,0.0000020316,0.0000000000,0.0000000000,0.0149846013,0.0000000000,11793.8353050638,0.0000000000,-3048.4474341671
84.9921929880,0.0000000000,1.2709362161,0.0000000000,0.0000020003,0.0000000000,0.0000000000,0.0149861145,0.0000000000,11857.5865869720,0.0000000000,-3048.4495334370
84.9921560794,0.0000000000,1.2709397781,0.0000000000,0.0000019491,0.0000000000,0.0000000000,0.0149875967,0.0000000000,11921.3378449484,0.0000000000,-3048.4517255778
84.9921097697,0.0000000000,1.2709442017,0.0000000000,0.0000018791,0.0000000000,0.0000000000,0.0149890334,0.0000000000,11985.0890717231,0.0000000000,-3048.4540073699
84.9920547400,0.0000000000,1.2709494227,0.0000000000,0.0000017914,0.0000000000,0.0000000000,0.0149904109,0.0000000000,12048.8402605057,0.0000000000,-3048.4563747458
84.9919917458,0.0000000000,1.2709553701,0.0000000000,0.0000016872,0.0000000000,0.0000000000,0.0149917164,0.0000000000,12112.5914050448,0.0000000000,-3048.4588228506
84.9919216078,0.0000000000,1.2709619670,0.0000000000,0.0000015681,0.0000000000,0.0000000000,0.0149929380,0.0000000000,12176.3424996793,0.0000000000,-3048.4613461089
84.9918452016,0.0000000000,1.2709691316,0.0000000000,0.0000014355,0.0000000000,0.0000000000,0.0149940651,0.0000000000,12240.0935393842,0.0000000000,-3048.4639382979
84.9917634479,0.0000000000,1.2709767778,0.0000000000,0.0000012911,0.0000000000,0.0000000000,0.0149950882,0.0000000000,12303.8445198076,0.0000000000,-3048.4665926254
84.9916773019,0.0000000000,1.2709848169,0.0000000000,0.0000011366,0.0000000000,0.0000000000,0.0149959992,0.0000000000,12367.5954373009,0.0000000000,-3048.4693018117
84.9915877428,0.0000000000,1.2709931577,0.0000000000,0.0000009740,0.0000000000,0.0000000000,0.0149967911,0.0000000000,12431.3462889404,0.0000000000,-3048.4720581752
84.9914957633,0.0000000000,1.2710017083,0.0000000000,0.0000008049,0.0000000000,0.0000000000,0.0149974585,0.0000000000,12495.0970725415,0.0000000000,-3048.4748537197
84.9914023590,0.0000000000,1.2710103764,0.0000000000,0.0000006312,0.0000000000,0.0000000000,0.0149979973,0.0000000000,12558.8477866646,0.0000000000,-3048.4776802236
84.9913085183,0.0000000000,1.2710190705,0.0000000000,0.0000004550,0.0000000000,0.0000000000,0.0149984047,0.0000000000,12622.5984306138,0.0000000000,-3048.4805293285
84.9912152123,0.0000000000,1.2710277011,0.0000000000,0.0000002779,0.0000000000,0.0000000000,0.0149986796,0.0000000000,12686.3490044276,0.0000000000,-3048.4833926284
84.9911233851,0.0000000000,1.2710361811,0.0000000000,0.0000001019,0.0000000000,0.0000000000,0.0149988219,0.0000000000,12750.0995088620,0.0000000000,-3048.4862617568
