Time,Altitude_m,Altitude_ft,SoS_ft_s,AirDensity_slugft3,TransVel_ft_s,Mach,AoA_rad,AoA_deg,AoS_rad,AoS_deg,u_NED_ms,v_NED_ms,w_NED_ms,u_NED_fts,v_NED_fts,w_NED_fts,phi_rad,theta_rad,psi_rad,phi_deg,theta_deg,psi_deg,p_rads,q_rads,r_rads,p_degs,q_degs,r_degs
0.0000000000,3048.0000000000,10000.0003200000,0.0000000000,0.0000000000,0.0000000000,0.0000000000,0.0149554786,0.8568858071,0.0000000000,0.0000000000,85.0088065429,0.0000000000,-0.0037847070,278.9002928584,0.0000000000,-0.0124170181,0.0000000000,0.0150000000,0.0000000000,0.0000000000,0.8594366927,0.0000000000,0.0000000000,0.0000000000,0.0000000000,0.0000000000,0.0000000000,0.0000000000
0.7500000000,3048.0032902018,10000.0111146257,0.0000000000,0.0000000000,0.0000000000,0.0000000000,0.0149420809,0.8561181746,0.0000000000,0.0000000000,85.0084622352,0.0000000000,-0.0049167714,278.8991632396,0.0000000000,-0.0161311403,0.0000000000,0.0149999195,0.0000000000,0.0000000000,0.8594320830,0.0000000000,0.0000000000,0.0000027294,0.0000000000,0.0000000000,0.0001563828,0.0000000000
1.5000000000,3048.0072622580,10000.0241463064,0.0000000000,0.0000000000,0.0000000000,0.0000000000,0.0149401581,0.8560080064,0.0000000000,0.0000000000,85.0080812615,0.0000000000,-0.0056577558,278.8979133260,0.0000000000,-0.0185621916,0.0000000000,0.0150067136,0.0000000000,0.0000000000,0.8598213559,0.0000000000,0.0000000000,0.0000148638,0.0000000000,0.0000000000,0.0008516358,0.0000000000
2.2500000000,3048.0117848247,10000.0389841244,0.0000000000,0.0000000000,0.0000000000,0.0000000000,0.0149439839,0.8562272038,0.0000000000,0.0000000000,85.0076424104,0.0000000000,-0.0064097303,278.8964735259,0.0000000000,-0.0210292996,0.0000000000,0.0150193857,0.0000000000,0.0000000000,0.8605474094,0.0000000000,0.0000000000,0.0000178354,0.0000000000,0.0000000000,0.0010218923,0.0000000000
3.0000000000,3048.0169007409,10000.0557686268,0.0000000000,0.0000000000,0.0000000000,0.0000000000,0.0149465500,0.8563742342,0.0000000000,0.0000000000,85.0071345804,0.0000000000,-0.0072315587,278.8948074168,0.0000000000,-0.0237255872,0.0000000000,0.0150316200,0.0000000000,0.0000000000,0.8612483874,0.0000000000,0.0000000000,0.0000145281,0.0000000000,0.0000000000,0.0008323993,0.0000000000
3.7500000000,3048.0226240129,10000.0745457666,0.0000000000,0.0000000000,0.0000000000,0.0000000000,0.0149470031,0.8564001952,0.0000000000,0.0000000000,85.0065660871,0.0000000000,-0.0080177369,278.8929422813,0.0000000000,-0.0263049119,0.0000000000,0.0150413222,0.0000000000,0.0000000000,0.8618042776,0.0000000000,0.0000000000,0.0000115580,0.0000000000,0.0000000000,0.0006622249,0.0000000000
4.5000000000,3048.0289012426,10000.0951403527,0.0000000000,0.0000000000,0.0000000000,0.0000000000,0.0149471191,0.8564068425,0.0000000000,0.0000000000,85.0059497185,0.0000000000,-0.0087061346,278.8909200744,0.0000000000,-0.0285634346,0.0000000000,0.0150495371,0.0000000000,0.0000000000,0.8622749584,0.0000000000,0.0000000000,0.0000104892,0.0000000000,0.0000000000,0.0006009841,0.0000000000
5.2500000000,3048.0356588302,10000.1173109166,0.0000000000,0.0000000000,0.0000000000,0.0000000000,0.0149477930,0.8564454530,0.0000000000,0.0000000000,85.0052944208,0.0000000000,-0.0093003952,278.8887701474,0.0000000000,-0.0305131086,0.0000000000,0.0150572026,0.0000000000,0.0000000000,0.8627141612,0.0000000000,0.0000000000,0.0000099262,0.0000000000,0.0000000000,0.0005687295,0.0000000000
6.0000000000,3048.0428323459,10000.1408460739,0.0000000000,0.0000000000,0.0000000000,0.0000000000,0.0149488114,0.8565038048,0.0000000000,0.0000000000,85.0046066572,0.0000000000,-0.0098160256,278.8865137054,0.0000000000,-0.0322048094,0.0000000000,0.0150642878,0.0000000000,0.0000000000,0.8631201149,0.0000000000,0.0000000000,0.0000089048,0.0000000000,0.0000000000,0.0005102088,0.0000000000
6.7500000000,3048.0503637635,10000.1655554499,0.0000000000,0.0000000000,0.0000000000,0.0000000000,0.0149498198,0.8565615774,0.0000000000,0.0000000000,85.0038933133,0.0000000000,-0.0102540445,278.8841733381,0.0000000000,-0.0336418794,0.0000000000,0.0150704501,0.0000000000,0.0000000000,0.8634731840,0.0000000000,0.0000000000,0.0000075035,0.0000000000,0.0000000000,0.0004299193,0.0000000000
7.5000000000,3048.0581923125,10000.1912396665,0.0000000000,0.0000000000,0.0000000000,0.0000000000,0.0149507430,0.8566144764,0.0000000000,0.0000000000,85.0031622725,0.0000000000,-0.0106075015,278.8817749101,0.0000000000,-0.0348015153,0.0000000000,0.0150755325,0.0000000000,0.0000000000,0.8637643876,0.0000000000,0.0000000000,0.0000060529,0.0000000000,0.0000000000,0.0003468051,0.0000000000
8.2500000000,3048.0662526200,10000.2176842458,0.0000000000,0.0000000000,0.0000000000,0.0000000000,0.0149516506,0.8566664790,0.0000000000,0.0000000000,85.0024216808,0.0000000000,-0.0108717457,278.8793451472,0.0000000000,-0.0356684581,0.0000000000,0.0150795499,0.0000000000,0.0000000000,0.8639945660,0.0000000000,0.0000000000,0.0000046640,0.0000000000,0.0000000000,0.0002672283,0.0000000000
9.0000000000,3048.0744774255,10000.2446685168,0.0000000000,0.0000000000,0.0000000000,0.0000000000,0.0149525812,0.8567197941,0.0000000000,0.0000000000,85.0016794304,0.0000000000,-0.0110462239,278.8769099426,0.0000000000,-0.0362408932,0.0000000000,0.0150825342,0.0000000000,0.0000000000,0.8641655529,0.0000000000,0.0000000000,0.0000032924,0.0000000000,0.0000000000,0.0001886392,0.0000000000
9.7500000000,3048.0827997811,10000.2719728339,0.0000000000,0.0000000000,0.0000000000,0.0000000000,0.0149535189,0.8567735210,0.0000000000,0.0000000000,85.0009431178,0.0000000000,-0.0111320573,278.8744942187,0.0000000000,-0.0365224990,0.0000000000,0.0150844828,0.0000000000,0.0000000000,0.8642772013,0.0000000000,0.0000000000,0.0000019023,0.0000000000,0.0000000000,0.0001089917,0.0000000000
10.5000000000,3048.0911536857,10000.2993806582,0.0000000000,0.0000000000,0.0000000000,0.0000000000,0.0149544377,0.8568261674,0.0000000000,0.0000000000,85.0002201121,0.0000000000,-0.0111306001,278.8721221527,0.0000000000,-0.0365177182,0.0000000000,0.0150853856,0.0000000000,0.0000000000,0.8643289292,0.0000000000,0.0000000000,0.0000005075,0.0000000000,0.0000000000,0.0000290749,0.0000000000
11.2500000000,3048.0994742846,10000.3266792120,0.0000000000,0.0000000000,0.0000000000,0.0000000000,0.0149553245,0.8568769742,0.0000000000,0.0000000000,84.9995175259,0.0000000000,-0.0110436116,278.8698170797,0.0000000000,-0.0362323226,0.0000000000,0.0150852501,0.0000000000,0.0000000000,0.8643211615,0.0000000000,0.0000000000,-0.0000008632,0.0000000000,0.0000000000,-0.0000494586,0.0000000000
12.0000000000,3048.1076983560,10000.3536610744,0.0000000000,0.0000000000,0.0000000000,0.0000000000,0.0149561741,0.8569256513,0.0000000000,0.0000000000,84.9988421210,0.0000000000,-0.0108737151,278.8676011843,0.0000000000,-0.0356749195,0.0000000000,0.0150841019,0.0000000000,0.0000000000,0.8642553745,0.0000000000,0.0000000000,-0.0000021907,0.0000000000,0.0000000000,-0.0001255173,0.0000000000
12.7500000000,3048.1157650028,10000.3801264517,0.0000000000,0.0000000000,0.0000000000,0.0000000000,0.0149569811,0.8569718890,0.0000000000,0.0000000000,84.9982002251,0.0000000000,-0.0106244732,278.8654952264,0.0000000000,-0.0348571966,0.0000000000,0.0150819775,0.0000000000,0.0000000000,0.8641336579,0.0000000000,0.0000000000,-0.0000034646,0.0000000000,0.0000000000,-0.0001985081,0.0000000000
13.5000000000,3048.1236163005,10000.4058853033,0.0000000000,0.0000000000,0.0000000000,0.0000000000,0.0149577381,0.8570152618,0.0000000000,0.0000000000,84.9975976760,0.0000000000,-0.0103002283,278.8635183593,0.0000000000,-0.0337934011,0.0000000000,0.0150789206,0.0000000000,0.0000000000,0.8639585123,0.0000000000,0.0000000000,-0.0000046756,0.0000000000,0.0000000000,-0.0002678933,0.0000000000
14.2500000000,3048.1311978289,10000.4307590851,0.0000000000,0.0000000000,0.0000000000,0.0000000000,0.0149584376,0.8570553439,0.0000000000,0.0000000000,84.9970397798,0.0000000000,-0.0099059687,278.8616879910,0.0000000000,-0.0324998983,0.0000000000,0.0150749825,0.0000000000,0.0000000000,0.8637328729,0.0000000000,0.0000000000,-0.0000058129,0.0000000000,0.0000000000,-0.0003330541,0.0000000000
15.0000000000,3048.1384591311,10000.4545822557,0.0000000000,0.0000000000,0.0000000000,0.0000000000,0.0149590736,0.8570917820,0.0000000000,0.0000000000,84.9965312700,0.0000000000,-0.0094472662,278.8600196518,0.0000000000,-0.0309949690,0.0000000000,0.0150702224,0.0000000000,0.0000000000,0.8634601416,0.0000000000,0.0000000000,-0.0000068657,0.0000000000,0.0000000000,-0.0003933774,0.0000000000
15.7500000000,3048.1453541343,10000.4772036580,0.0000000000,0.0000000000,0.0000000000,0.0000000000,0.0149596410,0.8571242904,0.0000000000,0.0000000000,84.9960762711,0.0000000000,-0.0089302301,278.8585268732,0.0000000000,-0.0292986563,0.0000000000,0.0150647073,0.0000000000,0.0000000000,0.8631441506,0.0000000000,0.0000000000,-0.0000078249,0.0000000000,0.0000000000,-0.0004483335,0.0000000000
16.5000000000,3048.1518415288,10000.4984877612,0.0000000000,0.0000000000,0.0000000000,0.0000000000,0.0149601356,0.8571526296,0.0000000000,0.0000000000,84.9956782683,0.0000000000,-0.0083614396,278.8572210896,0.0000000000,-0.0274325455,0.0000000000,0.0150585105,0.0000000000,0.0000000000,0.8627890949,0.0000000000,0.0000000000,-0.0000086827,0.0000000000,0.0000000000,-0.0004974821,0.0000000000
17.2500000000,3048.1578850898,10000.5183157179,0.0000000000,0.0000000000,0.0000000000,0.0000000000,0.0149605540,0.8571766008,0.0000000000,0.0000000000,84.9953400858,0.0000000000,-0.0077478620,278.8561115671,0.0000000000,-0.0254194957,0.0000000000,0.0150517103,0.0000000000,0.0000000000,0.8623994729,0.0000000000,0.0000000000,-0.0000094327,0.0000000000,0.0000000000,-0.0005404542,0.0000000000
18.0000000000,3048.1634539375,10000.5365862164,0.0000000000,0.0000000000,0.0000000000,0.0000000000,0.0149608934,0.8571960523,0.0000000000,0.0000000000,84.9950638730,0.0000000000,-0.0070967693,278.8552053569,0.0000000000,-0.0232833646,0.0000000000,0.0150443897,0.0000000000,0.0000000000,0.8619800351,0.0000000000,0.0000000000,-0.0000100696,0.0000000000,0.0000000000,-0.0005769461,0.0000000000
18.7500000000,3048.1685227349,10000.5532161295,0.0000000000,0.0000000000,0.0000000000,0.0000000000,0.0149611523,0.8572108830,0.0000000000,0.0000000000,84.9948510970,0.0000000000,-0.0064156565,278.8545072730,0.0000000000,-0.0210487424,0.0000000000,0.0150366352,0.0000000000,0.0000000000,0.8615357337,0.0000000000,0.0000000000,-0.0000105893,0.0000000000,0.0000000000,-0.0006067245,0.0000000000
19.5000000000,3048.1730718245,10000.5681409648,0.0000000000,0.0000000000,0.0000000000,0.0000000000,0.0149613296,0.8572210428,0.0000000000,0.0000000000,84.9947025431,0.0000000000,-0.0057121613,278.8540198913,0.0000000000,-0.0187406873,0.0000000000,0.0150285357,0.0000000000,0.0000000000,0.8610716679,0.0000000000,0.0000000000,-0.0000109891,0.0000000000,0.0000000000,-0.0006296308,0.0000000000
20.2500000000,3048.1770873057,10000.5813151159,0.0000000000,0.0000000000,0.0000000000,0.0000000000,0.0149614254,0.8572265305,0.0000000000,0.0000000000,84.9946183211,0.0000000000,-0.0049939832,278.8537435726,0.0000000000,-0.0163844598,0.0000000000,0.0150201819,0.0000000000,0.0000000000,0.8605930279,0.0000000000,0.0000000000,-0.0000112675,0.0000000000,0.0000000000,-0.0006455814,0.0000000000
21.0000000000,3048.1805610500,10000.5927119152,0.0000000000,0.0000000000,0.0000000000,0.0000000000,0.0149614404,0.8572273926,0.0000000000,0.0000000000,84.9945978796,0.0000000000,-0.0042688028,278.8536765074,0.0000000000,-0.0140052591,0.0000000000,0.0150116648,0.0000000000,0.0000000000,0.8601050389,0.0000000000,0.0000000000,-0.0000114243,0.0000000000,0.0000000000,-0.0006545658,0.0000000000
21.7500000000,3048.1834906581,10000.6023234906,0.0000000000,0.0000000000,0.0000000000,0.0000000000,0.0149613764,0.8572237218,0.0000000000,0.0000000000,84.9946400258,0.0000000000,-0.0035442038,278.8538147823,0.0000000000,-0.0116279657,0.0000000000,0.0150030755,0.0000000000,0.0000000000,0.8596129069,0.0000000000,0.0000000000,-0.0000114606,0.0000000000,0.0000000000,-0.0006566453,0.0000000000
22.5000000000,3048.1858793581,10000.6101604334,0.0000000000,0.0000000000,0.0000000000,0.0000000000,0.0149612356,0.8572156554,0.0000000000,0.0000000000,84.9947429519,0.0000000000,-0.0028275971,278.8541524665,0.0000000000,-0.0092768936,0.0000000000,0.0149945035,0.0000000000,0.0000000000,0.8591217660,0.0000000000,0.0000000000,-0.0000113787,0.0000000000,0.0000000000,-0.0006519502,0.0000000000
23.2500000000,3048.1877358491,10000.6162512832,0.0000000000,0.0000000000,0.0000000000,0.0000000000,0.0149610212,0.8572033726,0.0000000000,0.0000000000,84.9949042674,0.0000000000,-0.0021261487,278.8546817166,0.0000000000,-0.0069755537,0.0000000000,0.0149860362,0.0000000000,0.0000000000,0.8586366273,0.0000000000,0.0000000000,-0.0000111819,0.0000000000,0.0000000000,-0.0006406774,0.0000000000
24.0000000000,3048.1890740913,10000.6206418417,0.0000000000,0.0000000000,0.0000000000,0.0000000000,0.0149607371,0.8571870922,0.0000000000,0.0000000000,84.9951210359,0.0000000000,-0.0014467121,278.8553928993,0.0000000000,-0.0047464308,0.0000000000,0.0149777582,0.0000000000,0.0000000000,0.8581623305,0.0000000000,0.0000000000,-0.0000108749,0.0000000000,0.0000000000,-0.0006230871,0.0000000000
24.7500000000,3048.1899130479,10000.6233943241,0.0000000000,0.0000000000,0.0000000000,0.0000000000,0.0149603876,0.8571670690,0.0000000000,0.0000000000,84.9953898175,0.0000000000,-0.0007957645,278.8562747289,0.0000000000,-0.0026107759,0.0000000000,0.0149697500,0.0000000000,0.0000000000,0.8577034974,0.0000000000,0.0000000000,-0.0000104632,0.0000000000,0.0000000000,-0.0005994985,0.0000000000
25.5000000000,3048.1902763807,10000.6245863608,0.0000000000,0.0000000000,0.0000000000,0.0000000000,0.0149599778,0.8571435905,0.0000000000,0.0000000000,84.9957067153,0.0000000000,-0.0001793491,278.8573144199,0.0000000000,-0.0005884156,0.0000000000,0.0149620879,0.0000000000,0.0000000000,0.8572644900,0.0000000000,0.0000000000,-0.0000099534,0.0000000000,0.0000000000,-0.0005702851,0.0000000000
26.2500000000,3048.1901921043,10000.6243098635,0.0000000000,0.0000000000,0.0000000000,0.0000000000,0.0149595133,0.8571169734,0.0000000000,0.0000000000,84.9960674249,0.0000000000,0.0003969777,278.8584978502,0.0000000000,0.0013024202,0.0000000000,0.0149548427,0.0000000000,0.0000000000,0.8568493711,0.0000000000,0.0000000000,-0.0000093527,0.0000000000,0.0000000000,-0.0005358702,0.0000000000
27.0000000000,3048.1896922038,10000.6226697700,0.0000000000,0.0000000000,0.0000000000,0.0000000000,0.0149589999,0.8570875597,0.0000000000,0.0000000000,84.9964672876,0.0000000000,0.0009281919,278.8598097357,0.0000000000,0.0030452492,0.0000000000,0.0149480795,0.0000000000,0.0000000000,0.8564618692,0.0000000000,0.0000000000,-0.0000086694,0.0000000000,0.0000000000,-0.0004967208,0.0000000000
27.7500000000,3048.1888122196,10000.6197826827,0.0000000000,0.0000000000,0.0000000000,0.0000000000,0.0149584441,0.8570557123,0.0000000000,0.0000000000,84.9969013460,0.0000000000,0.0014098425,278.8612338120,0.0000000000,0.0046254676,0.0000000000,0.0149418571,0.0000000000,0.0000000000,0.8561053479,0.0000000000,0.0000000000,-0.0000079123,0.0000000000,0.0000000000,-0.0004533422,0.0000000000
28.5000000000,3048.1875908053,10000.6157754177,0.0000000000,0.0000000000,0.0000000000,0.0000000000,0.0149578524,0.8570218112,0.0000000000,0.0000000000,84.9973644014,0.0000000000,0.0018380838,278.8627530227,0.0000000000,0.0060304588,0.0000000000,0.0149362272,0.0000000000,0.0000000000,0.8557827793,0.0000000000,0.0000000000,-0.0000070908,0.0000000000,0.0000000000,-0.0004062721,0.0000000000
29.2500000000,3048.1860692632,10000.6107834813,0.0000000000,0.0000000000,0.0000000000,0.0000000000,0.0149572317,0.8569862491,0.0000000000,0.0000000000,84.9978510721,0.0000000000,0.0022097018,278.8643497116,0.0000000000,0.0072496782,0.0000000000,0.0149312345,0.0000000000,0.0000000000,0.8554967222,0.0000000000,0.0000000000,-0.0000062147,0.0000000000,0.0000000000,-0.0003560741,0.0000000000
30.0000000000,3048.1842910629,10000.6049494907,0.0000000000,0.0000000000,0.0000000000,0.0000000000,0.0149565890,0.8569494270,0.0000000000,0.0000000000,84.9983558529,0.0000000000,0.0025221335,278.8660058164,0.0000000000,0.0082747164,0.0000000000,0.0149269163,0.0000000000,0.0000000000,0.8552493047,0.0000000000,0.0000000000,-0.0000052941,0.0000000000,0.0000000000,-0.0003033314,0.0000000000
30.7500000000,3048.1823013485,10000.5984215562,0.0000000000,0.0000000000,0.0000000000,0.0000000000,0.0149559314,0.8569117501,0.0000000000,0.0000000000,84.9988731737,0.0000000000,0.0027734783,278.8677030633,0.0000000000,0.0090993385,0.0000000000,0.0149233018,0.0000000000,0.0000000000,0.8550422123,0.0000000000,0.0000000000,-0.0000043396,0.0000000000,0.0000000000,-0.0002486405,0.0000000000
31.5000000000,3048.1801464393,10000.5913516438,0.0000000000,0.0000000000,0.0000000000,0.0000000000,0.0149552660,0.8568736231,0.0000000000,0.0000000000,84.9993974586,0.0000000000,0.0029625034,278.8694231582,0.0000000000,0.0097194997,0.0000000000,0.0149204128,0.0000000000,0.0000000000,0.8548766803,0.0000000000,0.0000000000,-0.0000033616,0.0000000000,0.0000000000,-0.0001926047,0.0000000000
32.2500000000,3048.1778733289,10000.5838939324,0.0000000000,0.0000000000,0.0000000000,0.0000000000,0.0149545997,0.8568354469,0.0000000000,0.0000000000,84.9999231827,0.0000000000,0.0030886417,278.8711479748,0.0000000000,0.0101333392,0.0000000000,0.0149182627,0.0000000000,0.0000000000,0.8547534905,0.0000000000,0.0000000000,-0.0000023706,0.0000000000,0.0000000000,-0.0001358279,0.0000000000
33.0000000000,3048.1755291896,10000.5762031863,0.0000000000,0.0000000000,0.0000000000,0.0000000000,0.0149539394,0.8567976135,0.0000000000,0.0000000000,85.0004449278,0.0000000000,0.0031519827,278.8728597368,0.0000000000,0.0103411511,0.0000000000,0.0149168574,0.0000000000,0.0000000000,0.8546729739,0.0000000000,0.0000000000,-0.0000013772,0.0000000000,0.0000000000,-0.0000789082,0.0000000000
33.7500000000,3048.1731608845,10000.5684331562,0.0000000000,0.0000000000,0.0000000000,0.0000000000,0.0149532917,0.8567605032,0.0000000000,0.0000000000,85.0009574354,0.0000000000,0.0031532577,278.8745411924,0.0000000000,0.0103453341,0.0000000000,0.0149161949,0.0000000000,0.0000000000,0.8546350170,0.0000000000,0.0000000000,-0.0000003915,0.0000000000,0.0000000000,-0.0000224320,0.0000000000
34.5000000000,3048.1708144944,10000.5607350258,0.0000000000,0.0000000000,0.0000000000,0.0000000000,0.0149526630,0.8567244802,0.0000000000,0.0000000000,85.0014556574,0.0000000000,0.0030938177,278.8761757789,0.0000000000,0.0101503208,0.0000000000,0.0149162657,0.0000000000,0.0000000000,0.8546390724,0.0000000000,0.0000000000,0.0000005765,0.0000000000,0.0000000000,0.0000330318,0.0000000000
35.2500000000,3048.1685348628,10000.5532559194,0.0000000000,0.0000000000,0.0000000000,0.0000000000,0.0149520592,0.8566898896,0.0000000000,0.0000000000,85.0019348027,0.0000000000,0.0029756061,278.8777477782,0.0000000000,0.0097624875,0.0000000000,0.0149170529,0.0000000000,0.0000000000,0.8546841745,0.0000000000,0.0000000000,0.0000015173,0.0000000000,0.0000000000,0.0000869370,0.0000000000
36.0000000000,3048.1663651637,10000.5461374836,0.0000000000,0.0000000000,0.0000000000,0.0000000000,0.0149514862,0.8566570544,0.0000000000,0.0000000000,85.0023903813,0.0000000000,0.0028011260,278.8792424586,0.0000000000,0.0091900461,0.0000000000,0.0149185327,0.0000000000,0.0000000000,0.8547689582,0.0000000000,0.0000000000,0.0000024219,0.0000000000,0.0000000000,0.0001387658,0.0000000000
36.7500000000,3048.1643464953,10000.5395145556,0.0000000000,0.0000000000,0.0000000000,0.0000000000,0.0149509489,0.8566262723,0.0000000000,0.0000000000,85.0028182431,0.0000000000,0.0025734020,278.8806462046,0.0000000000,0.0084429201,0.0000000000,0.0149206746,0.0000000000,0.0000000000,0.8548916820,0.0000000000,0.0000000000,0.0000032818,0.0000000000,0.0000000000,0.0001880327,0.0000000000
37.5000000000,3048.1625175053,10000.5335139320,0.0000000000,0.0000000000,0.0000000000,0.0000000000,0.0149504522,0.8565978135,0.0000000000,0.0000000000,85.0032146131,0.0000000000,0.0022959378,278.8819466313,0.0000000000,0.0075326046,0.0000000000,0.0149234422,0.0000000000,0.0000000000,0.8550502538,0.0000000000,0.0000000000,0.0000040891,0.0000000000,0.0000000000,0.0002342893,0.0000000000
38.2500000000,3048.1609140480,10000.5282532453,0.0000000000,0.0000000000,0.0000000000,0.0000000000,0.0149500003,0.8565719182,0.0000000000,0.0000000000,85.0035761223,0.0000000000,0.0019726699,278.8831326851,0.0000000000,0.0064720144,0.0000000000,0.0149267933,0.0000000000,0.0000000000,0.8552422605,0.0000000000,0.0000000000,0.0000048368,0.0000000000,0.0000000000,0.0002771279,0.0000000000
39.0000000000,3048.1595688789,10000.5238399606,0.0000000000,0.0000000000,0.0000000000,0.0000000000,0.0149495967,0.8565487954,0.0000000000,0.0000000000,85.0038998327,0.0000000000,0.0016079177,278.8841947270,0.0000000000,0.0052753207,0.0000000000,0.0149306809,0.0000000000,0.0000000000,0.8554649993,0.0000000000,0.0000000000,0.0000055185,0.0000000000,0.0000000000,0.0003161849,0.0000000000
39.7500000000,3048.1585113865,10000.5203704973,0.0000000000,0.0000000000,0.0000000000,0.0000000000,0.0149492446,0.8565286209,0.0000000000,0.0000000000,85.0041832582,0.0000000000,0.0012063306,278.8851246007,0.0000000000,0.0039577776,0.0000000000,0.0149350531,0.0000000000,0.0000000000,0.8557155121,0.0000000000,0.0000000000,0.0000061286,0.0000000000,0.0000000000,0.0003511432,0.0000000000
40.5000000000,3048.1577673657,10000.5179294841,0.0000000000,0.0000000000,0.0000000000,0.0000000000,0.0149489464,0.8565115366,0.0000000000,0.0000000000,85.0044243802,0.0000000000,0.0007728333,278.8859156835,0.0000000000,0.0025355424,0.0000000000,0.0149398547,0.0000000000,0.0000000000,0.8559906215,0.0000000000,0.0000000000,0.0000066625,0.0000000000,0.0000000000,0.0003817351,0.0000000000
41.2500000000,3048.1573588322,10000.5165891509,0.0000000000,0.0000000000,0.0000000000,0.0000000000,0.0149487040,0.8564976493,0.0000000000,0.0000000000,85.0046216580,0.0000000000,0.0003125694,278.8865629204,0.0000000000,0.0010254903,0.0000000000,0.0149450269,0.0000000000,0.0000000000,0.8562869677,0.0000000000,0.0000000000,0.0000071165,0.0000000000,0.0000000000,0.0004077430,0.0000000000
42.0000000000,3048.1573038798,10000.5164088610,0.0000000000,0.0000000000,0.0000000000,0.0000000000,0.0149485187,0.8564870310,0.0000000000,0.0000000000,85.0047740340,0.0000000000,-0.0001691564,278.8870628417,0.0000000000,-0.0005549749,0.0000000000,0.0149505087,0.0000000000,0.0000000000,0.8566010474,0.0000000000,0.0000000000,0.0000074875,0.0000000000,0.0000000000,0.0004290014,0.0000000000
42.7500000000,3048.1576165817,10000.5174347859,0.0000000000,0.0000000000,0.0000000000,0.0000000000,0.0149483911,0.8564797185,0.0000000000,0.0000000000,85.0048809340,0.0000000000,-0.0006669360,278.8874135634,0.0000000000,-0.0021881103,0.0000000000,0.0149562369,0.0000000000,0.0000000000,0.8569292529,0.0000000000,0.0000000000,0.0000077736,0.0000000000,0.0000000000,0.0004453970,0.0000000000
43.5000000000,3048.1583069342,10000.5196997220,0.0000000000,0.0000000000,0.0000000000,0.0000000000,0.0149483212,0.8564757141,0.0000000000,0.0000000000,85.0049422623,0.0000000000,-0.0011753159,278.8876147719,0.0000000000,-0.0038560233,0.0000000000,0.0149621476,0.0000000000,0.0000000000,0.8572679109,0.0000000000,0.0000000000,0.0000079739,0.0000000000,0.0000000000,0.0004568688,0.0000000000
44.2500000000,3048.1593808442,10000.5232230487,0.0000000000,0.0000000000,0.0000000000,0.0000000000,0.0149483085,0.8564749860,0.0000000000,0.0000000000,85.0049583926,0.0000000000,-0.0016888536,278.8876676927,0.0000000000,-0.0055408584,0.0000000000,0.0149681762,0.0000000000,0.0000000000,0.8576133217,0.0000000000,0.0000000000,0.0000080880,0.0000000000,0.0000000000,0.0004634076,0.0000000000
45.0000000000,3048.1608401582,10000.5280108247,0.0000000000,0.0000000000,0.0000000000,0.0000000000,0.0149483518,0.8564774696,0.0000000000,0.0000000000,85.0049301532,0.0000000000,-0.0022021737,278.8875750437,0.0000000000,-0.0072249794,0.0000000000,0.0149742582,0.0000000000,0.0000000000,0.8579617983,0.0000000000,0.0000000000,0.0000081167,0.0000000000,0.0000000000,0.0004650548,0.0000000000
45.7500000000,3048.1626827334,10000.5340560190,0.0000000000,0.0000000000,0.0000000000,0.0000000000,0.0149484495,0.8564830688,0.0000000000,0.0000000000,85.0048588090,0.0000000000,-0.0027100209,278.8873409750,0.0000000000,-0.0088911451,0.0000000000,0.0149803303,0.0000000000,0.0000000000,0.8583097028,0.0000000000,0.0000000000,0.0000080617,0.0000000000,0.0000000000,0.0004619013,0.0000000000
46.5000000000,3048.1649025465,10000.5413388707,0.0000000000,0.0000000000,0.0000000000,0.0000000000,0.0149485994,0.8564916579,0.0000000000,0.0000000000,85.0047460389,0.0000000000,-0.0032073120,278.8869709944,0.0000000000,-0.0105226775,0.0000000000,0.0149863304,0.0000000000,0.0000000000,0.8586534836,0.0000000000,0.0000000000,0.0000079253,0.0000000000,0.0000000000,0.0004540849,0.0000000000
47.2500000000,3048.1674898414,10000.5498273713,0.0000000000,0.0000000000,0.0000000000,0.0000000000,0.0149487989,0.8565030831,0.0000000000,0.0000000000,85.0045939093,0.0000000000,-0.0036891834,278.8864718815,0.0000000000,-0.0121036204,0.0000000000,0.0149921987,0.0000000000,0.0000000000,0.8589897091,0.0000000000,0.0000000000,0.0000077107,0.0000000000,0.0000000000,0.0004417881,0.0000000000
48.0000000000,3048.1704313111,10000.5594778626,0.0000000000,0.0000000000,0.0000000000,0.0000000000,0.0149490446,0.8565171650,0.0000000000,0.0000000000,85.0044048445,0.0000000000,-0.0041510366,278.8858515899,0.0000000000,-0.0136188868,0.0000000000,0.0149978778,0.0000000000,0.0000000000,0.8593151009,0.0000000000,0.0000000000,0.0000074218,0.0000000000,0.0000000000,0.0004252355,0.0000000000
48.7500000000,3048.1737103119,10000.5702357397,0.0000000000,0.0000000000,0.0000000000,0.0000000000,0.0149493332,0.8565337010,0.0000000000,0.0000000000,85.0041815938,0.0000000000,-0.0045885794,278.8851191402,0.0000000000,-0.0150543947,0.0000000000,0.0150033139,0.0000000000,0.0000000000,0.8596265634,0.0000000000,0.0000000000,0.0000070632,0.0000000000,0.0000000000,0.0004046901,0.0000000000
49.5000000000,3048.1773071078,10000.5820362516,0.0000000000,0.0000000000,0.0000000000,0.0000000000,0.0149496608,0.8565524679,0.0000000000,0.0000000000,85.0039271967,0.0000000000,-0.0049978630,278.8842845039,0.0000000000,-0.0163971889,0.0000000000,0.0150084565,0.0000000000,0.0000000000,0.8599212118,0.0000000000,0.0000000000,0.0000066401,0.0000000000,0.0000000000,0.0003804503,0.0000000000
50.2500000000,3048.1811991404,10000.5948053879,0.0000000000,0.0000000000,0.0000000000,0.0000000000,0.0149500230,0.8565732243,0.0000000000,0.0000000000,85.0036449446,0.0000000000,-0.0053753153,278.8833584801,0.0000000000,-0.0176355495,0.0000000000,0.0150132593,0.0000000000,0.0000000000,0.8601963970,0.0000000000,0.0000000000,0.0000061583,0.0000000000,0.0000000000,0.0003528455,0.0000000000
51.0000000000,3048.1853613224,10000.6084608409,0.0000000000,0.0000000000,0.0000000000,0.0000000000,0.0149504156,0.8565957140,0.0000000000,0.0000000000,85.0033383423,0.0000000000,-0.0057177687,278.8823525671,0.0000000000,-0.0187590843,0.0000000000,0.0150176808,0.0000000000,0.0000000000,0.8604497275,0.0000000000,0.0000000000,0.0000056240,0.0000000000,0.0000000000,0.0003222326,0.0000000000
51.7500000000,3048.1897663498,10000.6229130312,0.0000000000,0.0000000000,0.0000000000,0.0000000000,0.0149508337,0.8566196684,0.0000000000,0.0000000000,85.0030110669,0.0000000000,-0.0060224840,278.8812788287,0.0000000000,-0.0197588063,0.0000000000,0.0150216839,0.0000000000,0.0000000000,0.8606790883,0.0000000000,0.0000000000,0.0000050438,0.0000000000,0.0000000000,0.0002889911,0.0000000000
52.5000000000,3048.1943850312,10000.6380661859,0.0000000000,0.0000000000,0.0000000000,0.0000000000,0.0149512725,0.8566448100,0.0000000000,0.0000000000,85.0026669263,0.0000000000,-0.0062871688,278.8801497586,0.0000000000,-0.0206271949,0.0000000000,0.0150252368,0.0000000000,0.0000000000,0.8608826563,0.0000000000,0.0000000000,0.0000044248,0.0000000000,0.0000000000,0.0002535195,0.0000000000
53.2500000000,3048.1991866278,10000.6538194560,0.0000000000,0.0000000000,0.0000000000,0.0000000000,0.0149517270,0.8566708552,0.0000000000,0.0000000000,85.0023098177,0.0000000000,-0.0065099916,278.8789781424,0.0000000000,-0.0213582407,0.0000000000,0.0150283131,0.0000000000,0.0000000000,0.8610589129,0.0000000000,0.0000000000,0.0000037739,0.0000000000,0.0000000000,0.0002162302,0.0000000000
54.0000000000,3048.2041392026,10000.6700680615,0.0000000000,0.0000000000,0.0000000000,0.0000000000,0.0149521924,0.8566975173,0.0000000000,0.0000000000,85.0019436853,0.0000000000,-0.0066895898,278.8777769206,0.0000000000,-0.0219474737,0.0000000000,0.0150308916,0.0000000000,0.0000000000,0.8612066525,0.0000000000,0.0000000000,0.0000030987,0.0000000000,0.0000000000,0.0001775451,0.0000000000
54.7500000000,3048.2092099741,10000.6867044514,0.0000000000,0.0000000000,0.0000000000,0.0000000000,0.0149526635,0.8567245095,0.0000000000,0.0000000000,85.0015724791,0.0000000000,-0.0068250738,278.8765590523,0.0000000000,-0.0223919752,0.0000000000,0.0150329570,0.0000000000,0.0000000000,0.8613249882,0.0000000000,0.0000000000,0.0000024067,0.0000000000,0.0000000000,0.0001378911,0.0000000000
55.5000000000,3048.2143656706,10000.7036194666,0.0000000000,0.0000000000,0.0000000000,0.0000000000,0.0149531354,0.8567515482,0.0000000000,0.0000000000,85.0012001141,0.0000000000,-0.0069160257,278.8753373823,0.0000000000,-0.0226903738,0.0000000000,0.0150344992,0.0000000000,0.0000000000,0.8614133539,0.0000000000,0.0000000000,0.0000017051,0.0000000000,0.0000000000,0.0000976960,0.0000000000
56.2500000000,3048.2195728819,10000.7207034938,0.0000000000,0.0000000000,0.0000000000,0.0000000000,0.0149536033,0.8567783552,0.0000000000,0.0000000000,85.0008304311,0.0000000000,-0.0069624929,278.8741245115,0.0000000000,-0.0228428251,0.0000000000,0.0150355141,0.0000000000,0.0000000000,0.8614715029,0.0000000000,0.0000000000,0.0000010015,0.0000000000,0.0000000000,0.0000573833,0.0000000000
57.0000000000,3048.2247984049,10000.7378475987,0.0000000000,0.0000000000,0.0000000000,0.0000000000,0.0149540624,0.8568046610,0.0000000000,0.0000000000,85.0004671590,0.0000000000,-0.0069649774,278.8729326738,0.0000000000,-0.0228509766,0.0000000000,0.0150360028,0.0000000000,0.0000000000,0.8614995035,0.0000000000,0.0000000000,0.0000003031,0.0000000000,0.0000000000,0.0000173686,0.0000000000
57.7500000000,3048.2300095789,10000.7549446268,0.0000000000,0.0000000000,0.0000000000,0.0000000000,0.0149545082,0.8568302070,0.0000000000,0.0000000000,85.0001138788,0.0000000000,-0.0069244212,278.8717736183,0.0000000000,-0.0227179181,0.0000000000,0.0150359719,0.0000000000,0.0000000000,0.8614977315,0.0000000000,0.0000000000,-0.0000003830,0.0000000000,0.0000000000,-0.0000219446,0.0000000000
58.5000000000,3048.2351746085,10000.7718902626,0.0000000000,0.0000000000,0.0000000000,0.0000000000,0.0149549366,0.8568547482,0.0000000000,0.0000000000,84.9997739908,0.0000000000,-0.0068421862,278.8706584998,0.0000000000,-0.0224481183,0.0000000000,0.0150354331,0.0000000000,0.0000000000,0.8614668592,0.0000000000,0.0000000000,-0.0000010501,0.0000000000,0.0000000000,-0.0000601689,0.0000000000
59.2500000000,3048.2402628704,10000.7885840356,0.0000000000,0.0000000000,0.0000000000,0.0000000000,0.0149553434,0.8568780552,0.0000000000,0.0000000000,84.9994506827,0.0000000000,-0.0067200316,278.8695977778,0.0000000000,-0.0220473485,0.0000000000,0.0150344031,0.0000000000,0.0000000000,0.8614078427,0.0000000000,0.0000000000,-0.0000016919,0.0000000000,0.0000000000,-0.0000969366,0.0000000000
60.0000000000,3048.2452452009,10000.8049302650,0.0000000000,0.0000000000,0.0000000000,0.0000000000,0.0149557249,0.8568999163,0.0000000000,0.0000000000,84.9991469026,0.0000000000,-0.0065600867,278.8686011240,0.0000000000,-0.0215225947,0.0000000000,0.0150329032,0.0000000000,0.0000000000,0.8613219051,0.0000000000,0.0000000000,-0.0000023021,0.0000000000,0.0000000000,-0.0001319031,0.0000000000
60.7500000000,3048.2500941635,10000.8208389353,0.0000000000,0.0000000000,0.0000000000,0.0000000000,0.0149560779,0.8569201391,0.0000000000,0.0000000000,84.9988653337,0.0000000000,-0.0063648212,278.8676773414,0.0000000000,-0.0208819600,0.0000000000,0.0150309591,0.0000000000,0.0000000000,0.8612105187,0.0000000000,0.0000000000,-0.0000028754,0.0000000000,0.0000000000,-0.0001647495,0.0000000000
61.5000000000,3048.2547842909,10000.8362264929,0.0000000000,0.0000000000,0.0000000000,0.0000000000,0.0149563992,0.8569385526,0.0000000000,0.0000000000,84.9986083724,0.0000000000,-0.0061370125,278.8668342924,0.0000000000,-0.0201345561,0.0000000000,0.0150286006,0.0000000000,0.0000000000,0.8610753840,0.0000000000,0.0000000000,-0.0000034066,0.0000000000,0.0000000000,-0.0001951859,0.0000000000
62.2500000000,3048.2592923035,10000.8510165610,0.0000000000,0.0000000000,0.0000000000,0.0000000000,0.0149566864,0.8569550076,0.0000000000,0.0000000000,84.9983781104,0.0000000000,-0.0058797102,278.8660788396,0.0000000000,-0.0192903883,0.0000000000,0.0150258608,0.0000000000,0.0000000000,0.8609184076,0.0000000000,0.0000000000,-0.0000038913,0.0000000000,0.0000000000,-0.0002229535,0.0000000000
63.0000000000,3048.2635972994,10000.8651405638,0.0000000000,0.0000000000,0.0000000000,0.0000000000,0.0149569372,0.8569693786,0.0000000000,0.0000000000,84.9981763198,0.0000000000,-0.0055961990,278.8654167971,0.0000000000,-0.0183602334,0.0000000000,0.0150227763,0.0000000000,0.0000000000,0.8607416782,0.0000000000,0.0000000000,-0.0000043254,0.0000000000,0.0000000000,-0.0002478262,0.0000000000
63.7500000000,3048.2676809163,10000.8785382575,0.0000000000,0.0000000000,0.0000000000,0.0000000000,0.0149571499,0.8569815642,0.0000000000,0.0000000000,84.9980044422,0.0000000000,-0.0052899599,278.8648528941,0.0000000000,-0.0173555121,0.0000000000,0.0150193862,0.0000000000,0.0000000000,0.8605474406,0.0000000000,0.0000000000,-0.0000047056,0.0000000000,0.0000000000,-0.0002696129,0.0000000000
64.5000000000,3048.2715274638,10000.8911581644,0.0000000000,0.0000000000,0.0000000000,0.0000000000,0.0149573231,0.8569914874,0.0000000000,0.0000000000,84.9978635808,0.0000000000,-0.0049646303,278.8643907504,0.0000000000,-0.0162881577,0.0000000000,0.0150157320,0.0000000000,0.0000000000,0.8603380699,0.0000000000,0.0000000000,-0.0000050293,0.0000000000,0.0000000000,-0.0002881581,0.0000000000
65.2500000000,3048.2751240254,10000.9029579076,0.0000000000,0.0000000000,0.0000000000,0.0000000000,0.0149574559,0.8569990963,0.0000000000,0.0000000000,84.9977544969,0.0000000000,-0.0046239631,278.8640328636,0.0000000000,-0.0151704832,0.0000000000,0.0150118569,0.0000000000,0.0000000000,0.8601160442,0.0000000000,0.0000000000,-0.0000052943,0.0000000000,0.0000000000,-0.0003033431,0.0000000000
66.0000000000,3048.2784605299,10000.9139044448,0.0000000000,0.0000000000,0.0000000000,0.0000000000,0.0149575479,0.8570043638,0.0000000000,0.0000000000,84.9976776094,0.0000000000,-0.0042717859,278.8637806082,0.0000000000,-0.0140150460,0.0000000000,0.0150078055,0.0000000000,0.0000000000,0.8598839166,0.0000000000,0.0000000000,-0.0000054993,0.0000000000,0.0000000000,-0.0003150860,0.0000000000
66.7500000000,3048.2815297918,10000.9239742021,0.0000000000,0.0000000000,0.0000000000,0.0000000000,0.0149575989,0.8570072873,0.0000000000,0.0000000000,84.9976329983,0.0000000000,-0.0039119599,278.8636342462,0.0000000000,-0.0128345146,0.0000000000,0.0150036232,0.0000000000,0.0000000000,0.8596442877,0.0000000000,0.0000000000,-0.0000056434,0.0000000000,0.0000000000,-0.0003233421,0.0000000000
67.5000000000,3048.2843275218,10000.9331531067,0.0000000000,0.0000000000,0.0000000000,0.0000000000,0.0149576094,0.8570078884,0.0000000000,0.0000000000,84.9976204110,0.0000000000,-0.0035483401,278.8635929492,0.0000000000,-0.0116415360,0.0000000000,0.0149993557,0.0000000000,0.0000000000,0.8593997778,0.0000000000,0.0000000000,-0.0000057265,0.0000000000,0.0000000000,-0.0003281036,0.0000000000
68.2500000000,3048.2868523070,10000.9414365229,0.0000000000,0.0000000000,0.0000000000,0.0000000000,0.0149575801,0.8570062120,0.0000000000,0.0000000000,84.9976392724,0.0000000000,-0.0031847352,278.8636548304,0.0000000000,-0.0104486067,0.0000000000,0.0149950486,0.0000000000,0.0000000000,0.8591529997,0.0000000000,0.0000000000,-0.0000057491,0.0000000000,0.0000000000,-0.0003293984,0.0000000000
69.0000000000,3048.2891055618,10000.9488290914,0.0000000000,0.0000000000,0.0000000000,0.0000000000,0.0149575123,0.8570023253,0.0000000000,0.0000000000,84.9976886978,0.0000000000,-0.0028248704,278.8638169874,0.0000000000,-0.0092679479,0.0000000000,0.0149907469,0.0000000000,0.0000000000,0.8589065319,0.0000000000,0.0000000000,-0.0000057123,0.0000000000,0.0000000000,-0.0003272895,0.0000000000
69.7500000000,3048.2910914517,10000.9553444785,0.0000000000,0.0000000000,0.0000000000,0.0000000000,0.0149574074,0.8569963168,0.0000000000,0.0000000000,84.9977675090,0.0000000000,-0.0024723506,278.8640755541,0.0000000000,-0.0081113867,0.0000000000,0.0149864946,0.0000000000,0.0000000000,0.8586628930,0.0000000000,0.0000000000,-0.0000056177,0.0000000000,0.0000000000,-0.0003218732,0.0000000000
70.5000000000,3048.2928167900,10000.9610050375,0.0000000000,0.0000000000,0.0000000000,0.0000000000,0.0149572674,0.8569882948,0.0000000000,0.0000000000,84.9978742524,0.0000000000,-0.0021306260,278.8644257621,0.0000000000,-0.0069902430,0.0000000000,0.0149823342,0.0000000000,0.0000000000,0.8584245175,0.0000000000,0.0000000000,-0.0000054677,0.0000000000,0.0000000000,-0.0003132779,0.0000000000
71.2500000000,3048.2942909097,10000.9658413882,0.0000000000,0.0000000000,0.0000000000,0.0000000000,0.0149570944,0.8569783856,0.0000000000,0.0000000000,84.9980072202,0.0000000000,-0.0018029606,278.8648620084,0.0000000000,-0.0059152252,0.0000000000,0.0149783062,0.0000000000,0.0000000000,0.8581937321,0.0000000000,0.0000000000,-0.0000052650,0.0000000000,0.0000000000,-0.0003016614,0.0000000000
72.0000000000,3048.2955255125,10000.9698919226,0.0000000000,0.0000000000,0.0000000000,0.0000000000,0.0149568911,0.8569667324,0.0000000000,0.0000000000,84.9981644738,0.0000000000,-0.0014924025,278.8653779321,0.0000000000,-0.0048963339,0.0000000000,0.0149744491,0.0000000000,0.0000000000,0.8579727349,0.0000000000,0.0000000000,-0.0000050127,0.0000000000,0.0000000000,-0.0002872092,0.0000000000
72.7500000000,3048.2965344971,10000.9732022395,0.0000000000,0.0000000000,0.0000000000,0.0000000000,0.0149566600,0.8569534929,0.0000000000,0.0000000000,84.9983438679,0.0000000000,-0.0012017577,278.8659664954,0.0000000000,-0.0039427747,0.0000000000,0.0149707986,0.0000000000,0.0000000000,0.8577635750,0.0000000000,0.0000000000,-0.0000047147,0.0000000000,0.0000000000,-0.0002701319,0.0000000000
73.5000000000,3048.2973337682,10000.9758245200,0.0000000000,0.0000000000,0.0000000000,0.0000000000,0.0149564042,0.8569388377,0.0000000000,0.0000000000,84.9985430778,0.0000000000,-0.0009335662,278.8666200713,0.0000000000,-0.0030628814,0.0000000000,0.0149673875,0.0000000000,0.0000000000,0.8575681356,0.0000000000,0.0000000000,-0.0000043749,0.0000000000,0.0000000000,-0.0002506621,0.0000000000
74.2500000000,3048.2979410295,10000.9778168473,0.0000000000,0.0000000000,0.0000000000,0.0000000000,0.0149561269,0.8569229481,0.0000000000,0.0000000000,84.9987596269,0.0000000000,-0.0006900825,278.8673305342,0.0000000000,-0.0022640502,0.0000000000,0.0149642456,0.0000000000,0.0000000000,0.8573881174,0.0000000000,0.0000000000,-0.0000039977,0.0000000000,0.0000000000,-0.0002290519,0.0000000000
75.0000000000,3048.2983755632,10000.9792424827,0.0000000000,0.0000000000,0.0000000000,0.0000000000,0.0149558313,0.8569060142,0.0000000000,0.0000000000,84.9989909152,0.0000000000,-0.0004732580,278.8680893543,0.0000000000,-0.0015526839,0.0000000000,0.0149613991,0.0000000000,0.0000000000,0.8572250261,0.0000000000,0.0000000000,-0.0000035879,0.0000000000,0.0000000000,-0.0002055698,0.0000000000
75.7500000000,3048.2986579970,10000.9801691028,0.0000000000,0.0000000000,0.0000000000,0.0000000000,0.0149555210,0.8568882324,0.0000000000,0.0000000000,84.9992342491,0.0000000000,-0.0002847285,278.8688876937,0.0000000000,-0.0009341486,0.0000000000,0.0149588708,0.0000000000,0.0000000000,0.8570801604,0.0000000000,0.0000000000,-0.0000031503,0.0000000000,0.0000000000,-0.0001804977,0.0000000000
76.5000000000,3048.2988100639,10000.9806680100,0.0000000000,0.0000000000,0.0000000000,0.0000000000,0.0149551993,0.8568698036,0.0000000000,0.0000000000,84.9994868705,0.0000000000,-0.0001258035,278.8697165041,0.0000000000,-0.0004127412,0.0000000000,0.0149566794,0.0000000000,0.0000000000,0.8569546042,0.0000000000,0.0000000000,-0.0000026900,0.0000000000,0.0000000000,-0.0001541275,0.0000000000
77.2500000000,3048.2988543548,10000.9808133214,0.0000000000,0.0000000000,0.0000000000,0.0000000000,0.0149548699,0.8568509308,0.0000000000,0.0000000000,84.9997459869,0.0000000000,0.0000025392,278.8705666236,0.0000000000,0.0000083307,0.0000000000,0.0149548401,0.0000000000,0.0000000000,0.8568492192,0.0000000000,0.0000000000,-0.0000022123,0.0000000000,0.0000000000,-0.0001267578,0.0000000000
78.0000000000,3048.2988140683,10000.9806811479,0.0000000000,0.0000000000,0.0000000000,0.0000000000,0.0149545363,0.8568318173,0.0000000000,0.0000000000,85.0000088006,0.0000000000,0.0000996569,278.8714288734,0.0000000000,0.0003269584,0.0000000000,0.0149533639,0.0000000000,0.0000000000,0.8567646418,0.0000000000,0.0000000000,-0.0000017225,0.0000000000,0.0000000000,-0.0000986912,0.0000000000
78.7500000000,3048.2987127598,10000.9803487708,0.0000000000,0.0000000000,0.0000000000,0.0000000000,0.0149542021,0.8568126642,0.0000000000,0.0000000000,85.0002725376,0.0000000000,0.0001652409,278.8722941524,0.0000000000,0.0005421290,0.0000000000,0.0149522581,0.0000000000,0.0000000000,0.8567012809,0.0000000000,0.0000000000,-0.0000012258,0.0000000000,0.0000000000,-0.0000702306,0.0000000000
79.5000000000,3048.2985740919,10000.9798938236,0.0000000000,0.0000000000,0.0000000000,0.0000000000,0.0149538705,0.8567936685,0.0000000000,0.0000000000,85.0005344753,0.0000000000,0.0001993124,278.8731535281,0.0000000000,0.0006539120,0.0000000000,0.0149515257,0.0000000000,0.0000000000,0.8566593193,0.0000000000,0.0000000000,-0.0000007274,0.0000000000,0.0000000000,-0.0000416762,0.0000000000
80.2500000000,3048.2984215901,10000.9793934895,0.0000000000,0.0000000000,0.0000000000,0.0000000000,0.0149535451,0.8567750216,0.0000000000,0.0000000000,85.0007919694,0.0000000000,0.0002022149,278.8739983250,0.0000000000,0.0006634347,0.0000000000,0.0149511661,0.0000000000,0.0000000000,0.8566387162,0.0000000000,0.0000000000,-0.0000002325,0.0000000000,0.0000000000,-0.0000133227,0.0000000000
81.0000000000,3048.2982784043,10000.9789237200,0.0000000000,0.0000000000,0.0000000000,0.0000000000,0.0149532289,0.8567569066,0.0000000000,0.0000000000,85.0010424793,0.0000000000,0.0001746039,278.8748202078,0.0000000000,0.0005728473,0.0000000000,0.0149511748,0.0000000000,0.0000000000,0.8566392132,0.0000000000,0.0000000000,0.0000002538,0.0000000000,0.0000000000,0.0000145437,0.0000000000
81.7500000000,3048.2981670803,10000.9785584837,0.0000000000,0.0000000000,0.0000000000,0.0000000000,0.0149529251,0.8567394977,0.0000000000,0.0000000000,85.0012835917,0.0000000000,0.0001174330,278.8756112588,0.0000000000,0.0003852788,0.0000000000,0.0149515435,0.0000000000,0.0000000000,0.8566603411,0.0000000000,0.0000000000,0.0000007269,0.0000000000,0.0000000000,0.0000416483,0.0000000000
82.5000000000,3048.2981093416,10000.9783690523,0.0000000000,0.0000000000,0.0000000000,0.0000000000,0.0149526364,0.8567229575,0.0000000000,0.0000000000,85.0015130426,0.0000000000,0.0000319378,278.8763640507,0.0000000000,0.0001047828,0.0000000000,0.0149522607,0.0000000000,0.0000000000,0.8567014297,0.0000000000,0.0000000000,0.0000011821,0.0000000000,0.0000000000,0.0000677301,0.0000000000
83.2500000000,3048.2981258852,10000.9784233293,0.0000000000,0.0000000000,0.0000000000,0.0000000000,0.0149523655,0.8567074365,0.0000000000,0.0000000000,85.0017287375,0.0000000000,-0.0000803830,278.8770717111,0.0000000000,-0.0002637236,0.0000000000,0.0149533112,0.0000000000,0.0000000000,0.8567616190,0.0000000000,0.0000000000,0.0000016152,0.0000000000,0.0000000000,0.0000925444,0.0000000000
84.0000000000,3048.2982361921,10000.9787852285,0.0000000000,0.0000000000,0.0000000000,0.0000000000,0.0149521148,0.8566930712,0.0000000000,0.0000000000,85.0019287686,0.0000000000,-0.0002177887,278.8777279813,0.0000000000,-0.0007145300,0.0000000000,0.0149546769,0.0000000000,0.0000000000,0.8568398723,0.0000000000,0.0000000000,0.0000020222,0.0000000000,0.0000000000,0.0001158647,0.0000000000
84.7500000000,3048.2984583541,10000.9795141064,0.0000000000,0.0000000000,0.0000000000,0.0000000000,0.0149518863,0.8566799835,0.0000000000,0.0000000000,85.0021114308,0.0000000000,-0.0003783202,278.8783272665,0.0000000000,-0.0012412079,0.0000000000,0.0149563371,0.0000000000,0.0000000000,0.8569349906,0.0000000000,0.0000000000,0.0000023996,0.0000000000,0.0000000000,0.0001374851,0.0000000000
85.5000000000,3048.2988089192,10000.9806642545,0.0000000000,0.0000000000,0.0000000000,0.0000000000,0.0149516821,0.8566682791,0.0000000000,0.0000000000,85.0022752341,0.0000000000,-0.0005598240,278.8788646792,0.0000000000,-0.0018366928,0.0000000000,0.0149582681,0.0000000000,0.0000000000,0.8570456284,0.0000000000,0.0000000000,0.0000027440,0.0000000000,0.0000000000,0.0001572213,0.0000000000
86.2500000000,3048.2993027561,10000.9822844543,0.0000000000,0.0000000000,0.0000000000,0.0000000000,0.0149515035,0.8566580478,0.0000000000,0.0000000000,85.0024189149,0.0000000000,-0.0007599793,278.8793360728,0.0000000000,-0.0024933704,0.0000000000,0.0149604442,0.0000000000,0.0000000000,0.8571703109,0.0000000000,0.0000000000,0.0000030528,0.0000000000,0.0000000000,0.0001749127,0.0000000000
87.0000000000,3048.2999529384,10000.9844175984,0.0000000000,0.0000000000,0.0000000000,0.0000000000,0.0149513519,0.8566493618,0.0000000000,0.0000000000,85.0025414433,0.0000000000,-0.0009763252,278.8797380687,0.0000000000,-0.0032031667,0.0000000000,0.0149628377,0.0000000000,0.0000000000,0.8573074516,0.0000000000,0.0000000000,0.0000033235,0.0000000000,0.0000000000,0.0001904229,0.0000000000
87.7500000000,3048.3007706504,10000.9871003805,0.0000000000,0.0000000000,0.0000000000,0.0000000000,0.0149512282,0.8566422761,0.0000000000,0.0000000000,85.0026420288,0.0000000000,-0.0012062890,278.8800680736,0.0000000000,-0.0039576411,0.0000000000,0.0149654194,0.0000000000,0.0000000000,0.8574553716,0.0000000000,0.0000000000,0.0000035542,0.0000000000,0.0000000000,0.0002036409,0.0000000000
88.5000000000,3048.3017651138,10000.9903630559,0.0000000000,0.0000000000,0.0000000000,0.0000000000,0.0149511331,0.8566368282,0.0000000000,0.0000000000,85.0027201231,0.0000000000,-0.0014472149,278.8803242888,0.0000000000,-0.0047480804,0.0000000000,0.0149681587,0.0000000000,0.0000000000,0.8576123182,0.0000000000,0.0000000000,0.0000037434,0.0000000000,0.0000000000,0.0002144819,0.0000000000
89.2500000000,3048.3029435366,10000.9942292726,0.0000000000,0.0000000000,0.0000000000,0.0000000000,0.0149510670,0.8566330379,0.0000000000,0.0000000000,85.0027754207,0.0000000000,-0.0016963933,278.8805057112,0.0000000000,-0.0055655949,0.0000000000,0.0149710239,0.0000000000,0.0000000000,0.8577764849,0.0000000000,0.0000000000,0.0000038901,0.0000000000,0.0000000000,0.0002228869,0.0000000000
90.0000000000,3048.3043110834,10000.9987159747,0.0000000000,0.0000000000,0.0000000000,0.0000000000,0.0149510298,0.8566309074,0.0000000000,0.0000000000,85.0028078560,0.0000000000,-0.0019510895,278.8806121262,0.0000000000,-0.0064012124,0.0000000000,0.0149739830,0.0000000000,0.0000000000,0.8579460310,0.0000000000,0.0000000000,0.0000039937,0.0000000000,0.0000000000,0.0002288235,0.0000000000
90.7500000000,3048.3058708672,10001.0038333758,0.0000000000,0.0000000000,0.0000000000,0.0000000000,0.0149510213,0.8566304223,0.0000000000,0.0000000000,85.0028175994,0.0000000000,-0.0022085725,278.8806440927,0.0000000000,-0.0072459730,0.0000000000,0.0149770037,0.0000000000,0.0000000000,0.8581191009,0.0000000000,0.0000000000,0.0000040541,0.0000000000,0.0000000000,0.0002322851,0.0000000000
91.5000000000,3048.3076239630,10001.0095850026,0.0000000000,0.0000000000,0.0000000000,0.0000000000,0.0149510410,0.8566315511,0.0000000000,0.0000000000,85.0028050499,0.0000000000,-0.0024661427,278.8806029198,0.0000000000,-0.0080910196,0.0000000000,0.0149800535,0.0000000000,0.0000000000,0.8582938441,0.0000000000,0.0000000000,0.0000040717,0.0000000000,0.0000000000,0.0002332907,0.0000000000
92.2500000000,3048.3095694413,10001.0159678057,0.0000000000,0.0000000000,0.0000000000,0.0000000000,0.0149510881,0.8566342470,0.0000000000,0.0000000000,85.0027708262,0.0000000000,-0.0027211590,278.8804906374,0.0000000000,-0.0089276874,0.0000000000,0.0149831007,0.0000000000,0.0000000000,0.8584684334,0.0000000000,0.0000000000,0.0000040471,0.0000000000,0.0000000000,0.0002318839,0.0000000000
93.0000000000,3048.3117044218,10001.0229723352,0.0000000000,0.0000000000,0.0000000000,0.0000000000,0.0149511614,0.8566384478,0.0000000000,0.0000000000,85.0027157556,0.0000000000,-0.0029710646,278.8803099597,0.0000000000,-0.0097475875,0.0000000000,0.0149861140,0.0000000000,0.0000000000,0.8586410833,0.0000000000,0.0000000000,0.0000039817,0.0000000000,0.0000000000,0.0002281323,0.0000000000
93.7500000000,3048.3140241459,10001.0305829788,0.0000000000,0.0000000000,0.0000000000,0.0000000000,0.0149512597,0.8566440774,0.0000000000,0.0000000000,85.0026408607,0.0000000000,-0.0032134111,278.8800642415,0.0000000000,-0.0105426878,0.0000000000,0.0149890633,0.0000000000,0.0000000000,0.8588100677,0.0000000000,0.0000000000,0.0000038768,0.0000000000,0.0000000000,0.0002221258,0.0000000000
94.5000000000,3048.3165220665,10001.0387782568,0.0000000000,0.0000000000,0.0000000000,0.0000000000,0.0149513813,0.8566510467,0.0000000000,0.0000000000,85.0025473448,0.0000000000,-0.0034458817,278.8797574308,0.0000000000,-0.0113053865,0.0000000000,0.0149919199,0.0000000000,0.0000000000,0.8589737356,0.0000000000,0.0000000000,0.0000037346,0.0000000000,0.0000000000,0.0002139755,0.0000000000
95.2500000000,3048.3191899548,10001.0475311714,0.0000000000,0.0000000000,0.0000000000,0.0000000000,0.0149515246,0.8566592549,0.0000000000,0.0000000000,85.0024365755,0.0000000000,-0.0036663114,278.8793940145,0.0000000000,-0.0120285812,0.0000000000,0.0149946564,0.0000000000,0.0000000000,0.8591305272,0.0000000000,0.0000000000,0.0000035572,0.0000000000,0.0000000000,0.0002038121,0.0000000000
96.0000000000,3048.3220180213,10001.0568096049,0.0000000000,0.0000000000,0.0000000000,0.0000000000,0.0149516875,0.8566685906,0.0000000000,0.0000000000,85.0023100672,0.0000000000,-0.0038727065,278.8789789609,0.0000000000,-0.0127057304,0.0000000000,0.0149972475,0.0000000000,0.0000000000,0.8592789872,0.0000000000,0.0000000000,0.0000033473,0.0000000000,0.0000000000,0.0001917839,0.0000000000
96.7500000000,3048.3249950503,10001.0665767608,0.0000000000,0.0000000000,0.0000000000,0.0000000000,0.0149518680,0.8566789335,0.0000000000,0.0000000000,85.0021694622,0.0000000000,-0.0040632607,278.8785176582,0.0000000000,-0.0133309082,0.0000000000,0.0149996699,0.0000000000,0.0000000000,0.8594177776,0.0000000000,0.0000000000,0.0000031076,0.0000000000,0.0000000000,0.0001780552,0.0000000000
97.5000000000,3048.3281085467,10001.0767916444,0.0000000000,0.0000000000,0.0000000000,0.0000000000,0.0149520639,0.8566901554,0.0000000000,0.0000000000,85.0020165110,0.0000000000,-0.0042363699,278.8780158500,0.0000000000,-0.0138988519,0.0000000000,0.0150019023,0.0000000000,0.0000000000,0.8595456890,0.0000000000,0.0000000000,0.0000028415,0.0000000000,0.0000000000,0.0001628040,0.0000000000
98.2500000000,3048.3313448918,10001.0874095748,0.0000000000,0.0000000000,0.0000000000,0.0000000000,0.0149522727,0.8567021221,0.0000000000,0.0000000000,85.0018530525,0.0000000000,-0.0043906440,278.8774795687,0.0000000000,-0.0144050004,0.0000000000,0.0150039262,0.0000000000,0.0000000000,0.8596616501,0.0000000000,0.0000000000,0.0000025520,0.0000000000,0.0000000000,0.0001462200,0.0000000000
99.0000000000,3048.3346895075,10001.0983827239,0.0000000000,0.0000000000,0.0000000000,0.0000000000,0.0149524922,0.8567146945,0.0000000000,0.0000000000,85.0016809924,0.0000000000,-0.0045249163,278.8769150670,0.0000000000,-0.0148455265,0.0000000000,0.0150057254,0.0000000000,0.0000000000,0.8597647355,0.0000000000,0.0000000000,0.0000022428,0.0000000000,0.0000000000,0.0001285025,0.0000000000
99.7500000000,3048.3381270270,10001.1096606754,0.0000000000,0.0000000000,0.0000000000,0.0000000000,0.0149527197,0.8567277306,0.0000000000,0.0000000000,85.0015022829,0.0000000000,-0.0046382510,278.8763287497,0.0000000000,-0.0152173595,0.0000000000,0.0150072864,0.0000000000,0.0000000000,0.8598541719,0.0000000000,0.0000000000,0.0000019174,0.0000000000,0.0000000000,0.0001098578,0.0000000000
100.5000000000,3048.3416414695,10001.1211909989,0.0000000000,0.0000000000,0.0000000000,0.0000000000,0.0149529528,0.8567410867,0.0000000000,0.0000000000,85.0013189012,0.0000000000,-0.0047299472,278.8757271039,0.0000000000,-0.0155182000,0.0000000000,0.0150085984,0.0000000000,0.0000000000,0.8599293432,0.0000000000,0.0000000000,0.0000015795,0.0000000000,0.0000000000,0.0000904974,0.0000000000
101.2500000000,3048.3452164173,10001.1329198307,0.0000000000,0.0000000000,0.0000000000,0.0000000000,0.0149531890,0.8567546187,0.0000000000,0.0000000000,85.0011328292,0.0000000000,-0.0047995411,278.8751166313,0.0000000000,-0.0157465265,0.0000000000,0.0150096534,0.0000000000,0.0000000000,0.8599897927,0.0000000000,0.0000000000,0.0000012328,0.0000000000,0.0000000000,0.0000706354,0.0000000000
102.0000000000,3048.3488351940,10001.1447924577,0.0000000000,0.0000000000,0.0000000000,0.0000000000,0.0149534257,0.8567681843,0.0000000000,0.0000000000,85.0009460324,0.0000000000,-0.0048468057,278.8745037811,0.0000000000,-0.0159015941,0.0000000000,0.0150104464,0.0000000000,0.0000000000,0.8600352246,0.0000000000,0.0000000000,0.0000008812,0.0000000000,0.0000000000,0.0000504863,0.0000000000
102.7500000000,3048.3524810404,10001.1567538967,0.0000000000,0.0000000000,0.0000000000,0.0000000000,0.0149536607,0.8567816437,0.0000000000,0.0000000000,85.0007604408,0.0000000000,-0.0048717477,278.8738948847,0.0000000000,-0.0159834248,0.0000000000,0.0150109748,0.0000000000,0.0000000000,0.8600655035,0.0000000000,0.0000000000,0.0000005282,0.0000000000,0.0000000000,0.0000302628,0.0000000000
103.5000000000,3048.3561372890,10001.1687494633,0.0000000000,0.0000000000,0.0000000000,0.0000000000,0.0149538913,0.8567948613,0.0000000000,0.0000000000,85.0005779295,0.0000000000,-0.0048746024,278.8732960943,0.0000000000,-0.0159927906,0.0000000000,0.0150112392,0.0000000000,0.0000000000,0.8600806525,0.0000000000,0.0000000000,0.0000001776,0.0000000000,0.0000000000,0.0000101738,0.0000000000
104.2500000000,3048.3597875318,10001.1807253259,0.0000000000,0.0000000000,0.0000000000,0.0000000000,0.0149541155,0.8568077071,0.0000000000,0.0000000000,85.0004003008,0.0000000000,-0.0048558262,278.8727133227,0.0000000000,-0.0159311888,0.0000000000,0.0150112426,0.0000000000,0.0000000000,0.8600808487,0.0000000000,0.0000000000,-0.0000001672,0.0000000000,0.0000000000,-0.0000095779,0.0000000000
105.0000000000,3048.3634157833,10001.1926290385,0.0000000000,0.0000000000,0.0000000000,0.0000000000,0.0149543311,0.8568200575,0.0000000000,0.0000000000,85.0002292672,0.0000000000,-0.0048160871,278.8721521890,0.0000000000,-0.0158008112,0.0000000000,0.0150109908,0.0000000000,0.0000000000,0.8600664189,0.0000000000,0.0000000000,-0.0000005026,0.0000000000,0.0000000000,-0.0000287972,0.0000000000
105.7500000000,3048.3670066347,10001.2044100475,0.0000000000,0.0000000000,0.0000000000,0.0000000000,0.0149545360,0.8568317969,0.0000000000,0.0000000000,85.0000664363,0.0000000000,-0.0047562532,278.8716179668,0.0000000000,-0.0156045057,0.0000000000,0.0150104919,0.0000000000,0.0000000000,0.8600378324,0.0000000000,0.0000000000,-0.0000008255,0.0000000000,0.0000000000,-0.0000472991,0.0000000000
106.5000000000,3048.3705453994,10001.2160201681,0.0000000000,0.0000000000,0.0000000000,0.0000000000,0.0149547284,0.8568428184,0.0000000000,0.0000000000,84.9999132960,0.0000000000,-0.0046773794,278.8711155380,0.0000000000,-0.0153457334,0.0000000000,0.0150097564,0.0000000000,0.0000000000,0.8599956934,0.0000000000,0.0000000000,-0.0000011329,0.0000000000,0.0000000000,-0.0000649095,0.0000000000
107.2500000000,3048.3740182471,10001.2274140259,0.0000000000,0.0000000000,0.0000000000,0.0000000000,0.0149549065,0.8568530249,0.0000000000,0.0000000000,84.9997712023,0.0000000000,-0.0045806925,278.8706493515,0.0000000000,-0.0150285191,0.0000000000,0.0150087971,0.0000000000,0.0000000000,0.8599407314,0.0000000000,0.0000000000,-0.0000014219,0.0000000000,0.0000000000,-0.0000814678,0.0000000000
108.0000000000,3048.3774123273,10001.2385494601,0.0000000000,0.0000000000,0.0000000000,0.0000000000,0.0149550689,0.8568623298,0.0000000000,0.0000000000,84.9996413683,0.0000000000,-0.0044675748,278.8702233869,0.0000000000,-0.0146573980,0.0000000000,0.0150076288,0.0000000000,0.0000000000,0.8598737916,0.0000000000,0.0000000000,-0.0000016900,0.0000000000,0.0000000000,-0.0000968274,0.0000000000
108.7500000000,3048.3807158790,10001.2493878843,0.0000000000,0.0000000000,0.0000000000,0.0000000000,0.0149552142,0.8568706574,0.0000000000,0.0000000000,84.9995248547,0.0000000000,-0.0043395465,278.8698411243,0.0000000000,-0.0142373577,0.0000000000,0.0150062680,0.0000000000,0.0000000000,0.8597958231,0.0000000000,0.0000000000,-0.0000019348,0.0000000000,0.0000000000,-0.0001108572,0.0000000000
109.5000000000,3048.3839183270,10001.2598946041,0.0000000000,0.0000000000,0.0000000000,0.0000000000,0.0149553414,0.8568779439,0.0000000000,0.0000000000,84.9994225623,0.0000000000,-0.0041982473,278.8695055195,0.0000000000,-0.0137737775,0.0000000000,0.0150047329,0.0000000000,0.0000000000,0.8597078672,0.0000000000,0.0000000000,-0.0000021545,0.0000000000,0.0000000000,-0.0001234428,0.0000000000
110.2500000000,3048.3870103651,10001.2700390862,0.0000000000,0.0000000000,0.0000000000,0.0000000000,0.0149554495,0.8568841375,0.0000000000,0.0000000000,84.9993352267,0.0000000000,-0.0040454166,278.8692189851,0.0000000000,-0.0132723646,0.0000000000,0.0150030430,0.0000000000,0.0000000000,0.8596110447,0.0000000000,0.0000000000,-0.0000023472,0.0000000000,0.0000000000,-0.0001344868,0.0000000000
111.0000000000,3048.3899840225,10001.2797951803,0.0000000000,0.0000000000,0.0000000000,0.0000000000,0.0149555378,0.8568891989,0.0000000000,0.0000000000,84.9992634137,0.0000000000,-0.0038828739,278.8689833781,0.0000000000,-0.0127390881,0.0000000000,0.0150012191,0.0000000000,0.0000000000,0.8595065426,0.0000000000,0.0000000000,-0.0000025117,0.0000000000,0.0000000000,-0.0001439100,0.0000000000
111.7500000000,3048.3928327167,10001.2891412902,0.0000000000,0.0000000000,0.0000000000,0.0000000000,0.0149556059,0.8568931009,0.0000000000,0.0000000000,84.9992075179,0.0000000000,-0.0037124982,278.8687999929,0.0000000000,-0.0121801125,0.0000000000,0.0149992828,0.0000000000,0.0000000000,0.8593956005,0.0000000000,0.0000000000,-0.0000026468,0.0000000000,0.0000000000,-0.0001516516,0.0000000000
112.5000000000,3048.3955512903,10001.2980604953,0.0000000000,0.0000000000,0.0000000000,0.0000000000,0.0149556536,0.8568958292,0.0000000000,0.0000000000,84.9991677620,0.0000000000,-0.0035362072,278.8686695601,0.0000000000,-0.0116017300,0.0000000000,0.0149972564,0.0000000000,0.0000000000,0.8592794966,0.0000000000,0.0000000000,-0.0000027518,0.0000000000,0.0000000000,-0.0001576691,0.0000000000
113.2500000000,3048.3981360326,10001.3065406210,0.0000000000,0.0000000000,0.0000000000,0.0000000000,0.0149556807,0.8568973815,0.0000000000,0.0000000000,84.9991441985,0.0000000000,-0.0033559373,278.8685922521,0.0000000000,-0.0110102933,0.0000000000,0.0149951627,0.0000000000,0.0000000000,0.8591595342,0.0000000000,0.0000000000,-0.0000028264,0.0000000000,0.0000000000,-0.0001619387,0.0000000000
114.0000000000,3048.4005846854,10001.3145742592,0.0000000000,0.0000000000,0.0000000000,0.0000000000,0.0149556874,0.8568977679,0.0000000000,0.0000000000,84.9991367128,0.0000000000,-0.0031736230,278.8685676928,0.0000000000,-0.0104121492,0.0000000000,0.0149930245,0.0000000000,0.0000000000,0.8590370272,0.0000000000,0.0000000000,-0.0000028703,0.0000000000,0.0000000000,-0.0001644552,0.0000000000
114.7500000000,3048.4028964348,10001.3221587391,0.0000000000,0.0000000000,0.0000000000,0.0000000000,0.0149556742,0.8568970098,0.0000000000,0.0000000000,84.9991450282,0.0000000000,-0.0029911772,278.8685949742,0.0000000000,-0.0098135737,0.0000000000,0.0149908648,0.0000000000,0.0000000000,0.8589132869,0.0000000000,0.0000000000,-0.0000028838,0.0000000000,0.0000000000,-0.0001652313,0.0000000000
115.5000000000,3048.4050718873,10001.3292960508,0.0000000000,0.0000000000,0.0000000000,0.0000000000,0.0149556415,0.8568951404,0.0000000000,0.0000000000,84.9991687120,0.0000000000,-0.0028104721,278.8686726771,0.0000000000,-0.0092207092,0.0000000000,0.0149887062,0.0000000000,0.0000000000,0.8587896082,0.0000000000,0.0000000000,-0.0000028675,0.0000000000,0.0000000000,-0.0001642972,0.0000000000
116.2500000000,3048.4071130328,10001.3359927224,0.0000000000,0.0000000000,0.0000000000,0.0000000000,0.0149555903,0.8568922032,0.0000000000,0.0000000000,84.9992071838,0.0000000000,-0.0026333209,278.8687988968,0.0000000000,-0.0086395046,0.0000000000,0.0149865708,0.0000000000,0.0000000000,0.8586672571,0.0000000000,0.0000000000,-0.0000028222,0.0000000000,0.0000000000,-0.0001617003,0.0000000000
117.0000000000,3048.4090231932,10001.3422596531,0.0000000000,0.0000000000,0.0000000000,0.0000000000,0.0149555213,0.8568882518,0.0000000000,0.0000000000,84.9992597242,0.0000000000,-0.0024614606,278.8689712734,0.0000000000,-0.0080756585,0.0000000000,0.0149844799,0.0000000000,0.0000000000,0.8585474581,0.0000000000,0.0000000000,-0.0000027490,0.0000000000,0.0000000000,-0.0001575036,0.0000000000
117.7500000000,3048.4108069597,10001.3481119056,0.0000000000,0.0000000000,0.0000000000,0.0000000000,0.0149554357,0.8568833489,0.0000000000,0.0000000000,84.9993254855,0.0000000000,-0.0022965358,278.8691870260,0.0000000000,-0.0075345666,0.0000000000,0.0149824540,0.0000000000,0.0000000000,0.8584313825,0.0000000000,0.0000000000,-0.0000026492,0.0000000000,0.0000000000,-0.0001517853,0.0000000000
118.5000000000,3048.4124701175,10001.3535684602,0.0000000000,0.0000000000,0.0000000000,0.0000000000,0.0149553348,0.8568775657,0.0000000000,0.0000000000,84.9994035035,0.0000000000,-0.0021400838,278.8694429904,0.0000000000,-0.0070212725,0.0000000000,0.0149805124,0.0000000000,0.0000000000,0.8583201378,0.0000000000,0.0000000000,-0.0000025244,0.0000000000,0.0000000000,-0.0001446374,0.0000000000
119.2500000000,3048.4140195604,10001.3586519345,0.0000000000,0.0000000000,0.0000000000,0.0000000000,0.0149552199,0.8568709809,0.0000000000,0.0000000000,84.9994927092,0.0000000000,-0.0019935213,278.8697356600,0.0000000000,-0.0065404244,0.0000000000,0.0149786732,0.0000000000,0.0000000000,0.8582147578,0.0000000000,0.0000000000,-0.0000023765,0.0000000000,0.0000000000,-0.0001361647,0.0000000000
120.0000000000,3048.4154631957,10001.3633882711,0.0000000000,0.0000000000,0.0000000000,0.0000000000,0.0149550924,0.8568636795,0.0000000000,0.0000000000,84.9995919427,0.0000000000,-0.0018581326,278.8700612291,0.0000000000,-0.0060962357,0.0000000000,0.0149769529,0.0000000000,0.0000000000,0.8581161932,0.0000000000,0.0000000000,-0.0000022075,0.0000000000,0.0000000000,-0.0001264831,0.0000000000
120.7500000000,3048.4168098412,10001.3678063993,0.0000000000,0.0000000000,0.0000000000,0.0000000000,0.0149549541,0.8568557521,0.0000000000,0.0000000000,84.9996999667,0.0000000000,-0.0017350592,278.8704156388,0.0000000000,-0.0056924517,0.0000000000,0.0149753666,0.0000000000,0.0000000000,0.8580253042,0.0000000000,0.0000000000,-0.0000020197,0.0000000000,0.0000000000,-0.0001157183,0.0000000000
121.5000000000,3048.4180691142,10001.3719378727,0.0000000000,0.0000000000,0.0000000000,0.0000000000,0.0149548065,0.8568472938,0.0000000000,0.0000000000,84.9998154813,0.0000000000,-0.0016252915,278.8707946236,0.0000000000,-0.0053323214,0.0000000000,0.0149739276,0.0000000000,0.0000000000,0.8579428532,0.0000000000,0.0000000000,-0.0000018152,0.0000000000,0.0000000000,-0.0001040045,0.0000000000
122.2500000000,3048.4192513162,10001.3758164884,0.0000000000,0.0000000000,0.0000000000,0.0000000000,0.0149546513,0.8568384028,0.0000000000,0.0000000000,84.9999371382,0.0000000000,-0.0015296616,278.8711937603,0.0000000000,-0.0050185750,0.0000000000,0.0149726473,0.0000000000,0.0000000000,0.8578694995,0.0000000000,0.0000000000,-0.0000015967,0.0000000000,0.0000000000,-0.0000914826,0.0000000000
123.0000000000,3048.4203673118,10001.3794778912,0.0000000000,0.0000000000,0.0000000000,0.0000000000,0.0149544903,0.8568291798,0.0000000000,0.0000000000,85.0000635558,0.0000000000,-0.0014488386,278.8716085163,0.0000000000,-0.0047534076,0.0000000000,0.0149715355,0.0000000000,0.0000000000,0.8578057948,0.0000000000,0.0000000000,-0.0000013666,0.0000000000,0.0000000000,-0.0000782987,0.0000000000
123.7500000000,3048.4214284050,10001.3829591681,0.0000000000,0.0000000000,0.0000000000,0.0000000000,0.0149543253,0.8568197266,0.0000000000,0.0000000000,85.0001933342,0.0000000000,-0.0013833250,278.8720342985,0.0000000000,-0.0045384680,0.0000000000,0.0149705997,0.0000000000,0.0000000000,0.8577521796,0.0000000000,0.0000000000,-0.0000011275,0.0000000000,0.0000000000,-0.0000646024,0.0000000000
124.5000000000,3048.4224462138,10001.3862984362,0.0000000000,0.0000000000,0.0000000000,0.0000000000,0.0149541581,0.8568101452,0.0000000000,0.0000000000,85.0003250698,0.0000000000,-0.0013334556,278.8724665020,0.0000000000,-0.0043748544,0.0000000000,0.0149698458,0.0000000000,0.0000000000,0.8577089815,0.0000000000,0.0000000000,-0.0000008822,0.0000000000,0.0000000000,-0.0000505453,0.0000000000
125.2500000000,3048.4234325446,10001.3895344297,0.0000000000,0.0000000000,0.0000000000,0.0000000000,0.0149539904,0.8568005364,0.0000000000,0.0000000000,85.0004573698,0.0000000000,-0.0012993974,278.8729005572,0.0000000000,-0.0042631150,0.0000000000,0.0149692773,0.0000000000,0.0000000000,0.8576764139,0.0000000000,0.0000000000,-0.0000006332,0.0000000000,0.0000000000,-0.0000362794,0.0000000000
126.0000000000,3048.4243992665,10001.3927060896,0.0000000000,0.0000000000,0.0000000000,0.0000000000,0.0149538239,0.8567909994,0.0000000000,0.0000000000,85.0005888663,0.0000000000,-0.0012811518,278.8733319761,0.0000000000,-0.0042032542,0.0000000000,0.0149688962,0.0000000000,0.0000000000,0.8576545769,0.0000000000,0.0000000000,-0.0000003832,0.0000000000,0.0000000000,-0.0000219554,0.0000000000
126.7500000000,3048.4253581887,10001.3958521598,0.0000000000,0.0000000000,0.0000000000,0.0000000000,0.0149536604,0.8567816303,0.0000000000,0.0000000000,85.0007182295,0.0000000000,-0.0012785582,278.8737563962,0.0000000000,-0.0041947449,0.0000000000,0.0149687022,0.0000000000,0.0000000000,0.8576434582,0.0000000000,0.0000000000,-0.0000001348,0.0000000000,0.0000000000,-0.0000077215,0.0000000000
127.5000000000,3048.4263209406,10001.3990107948,0.0000000000,0.0000000000,0.0000000000,0.0000000000,0.0149535014,0.8567725214,0.0000000000,0.0000000000,85.0008441810,0.0000000000,-0.0012912990,278.8741696226,0.0000000000,-0.0042365453,0.0000000000,0.0149686930,0.0000000000,0.0000000000,0.8576429361,0.0000000000,0.0000000000,0.0000001096,0.0000000000,0.0000000000,0.0000062786,0.0000000000
128.2500000000,3048.4272988569,10001.4022191816,0.0000000000,0.0000000000,0.0000000000,0.0000000000,0.0149533485,0.8567637604,0.0000000000,0.0000000000,85.0009655051,0.0000000000,-0.0013189065,278.8745676676,0.0000000000,-0.0043271212,0.0000000000,0.0149688649,0.0000000000,0.0000000000,0.8576527830,0.0000000000,0.0000000000,0.0000003474,0.0000000000,0.0000000000,0.0000199065,0.0000000000
129.0000000000,3048.4283028675,10001.4055131798,0.0000000000,0.0000000000,0.0000000000,0.0000000000,0.0149532031,0.8567554293,0.0000000000,0.0000000000,85.0010810605,0.0000000000,-0.0013607711,278.8749467864,0.0000000000,-0.0044644723,0.0000000000,0.0149692120,0.0000000000,0.0000000000,0.8576726699,0.0000000000,0.0000000000,0.0000005765,0.0000000000,0.0000000000,0.0000330308,0.0000000000
129.7500000000,3048.4293433949,10001.4089269836,0.0000000000,0.0000000000,0.0000000000,0.0000000000,0.0149530665,0.8567476040,0.0000000000,0.0000000000,85.0011897900,0.0000000000,-0.0014161504,278.8753035105,0.0000000000,-0.0046461627,0.0000000000,0.0149697269,0.0000000000,0.0000000000,0.8577021723,0.0000000000,0.0000000000,0.0000007946,0.0000000000,0.0000000000,0.0000455281,0.0000000000
130.5000000000,3048.4304302580,10001.4124928077,0.0000000000,0.0000000000,0.0000000000,0.0000000000,0.0149529400,0.8567403536,0.0000000000,0.0000000000,85.0012907296,0.0000000000,-0.0014841797,278.8756346772,0.0000000000,-0.0048693563,0.0000000000,0.0149704007,0.0000000000,0.0000000000,0.8577407765,0.0000000000,0.0000000000,0.0000009998,0.0000000000,0.0000000000,0.0000572841,0.0000000000
131.2500000000,3048.4315725854,10001.4162406011,0.0000000000,0.0000000000,0.0000000000,0.0000000000,0.0149528246,0.8567337398,0.0000000000,0.0000000000,85.0013830163,0.0000000000,-0.0015638841,278.8759374552,0.0000000000,-0.0051308535,0.0000000000,0.0149712229,0.0000000000,0.0000000000,0.8577878869,0.0000000000,0.0000000000,0.0000011902,0.0000000000,0.0000000000,0.0000681947,0.0000000000
132.0000000000,3048.4327787365,10001.4201977898,0.0000000000,0.0000000000,0.0000000000,0.0000000000,0.0149527212,0.8567278162,0.0000000000,0.0000000000,85.0014658948,0.0000000000,-0.0016541901,278.8762093663,0.0000000000,-0.0054271330,0.0000000000,0.0149721819,0.0000000000,0.0000000000,0.8578428336,0.0000000000,0.0000000000,0.0000013643,0.0000000000,0.0000000000,0.0000781666,0.0000000000
132.7500000000,3048.4340562330,10001.4243890513,0.0000000000,0.0000000000,0.0000000000,0.0000000000,0.0149526306,0.8567226285,0.0000000000,0.0000000000,85.0015387227,0.0000000000,-0.0017539393,278.8764483029,0.0000000000,-0.0057543942,0.0000000000,0.0149732648,0.0000000000,0.0000000000,0.8579048814,0.0000000000,0.0000000000,0.0000015205,0.0000000000,0.0000000000,0.0000871183,0.0000000000
133.5000000000,3048.4354117002,10001.4288361223,0.0000000000,0.0000000000,0.0000000000,0.0000000000,0.0149525536,0.8567182135,0.0000000000,0.0000000000,85.0016009747,0.0000000000,-0.0018619021,278.8766525418,0.0000000000,-0.0061086029,0.0000000000,0.0149744579,0.0000000000,0.0000000000,0.8579732385,0.0000000000,0.0000000000,0.0000016577,0.0000000000,0.0000000000,0.0000949807,0.0000000000
134.2500000000,3048.4368508188,10001.4335576404,0.0000000000,0.0000000000,0.0000000000,0.0000000000,0.0149524905,0.8567145996,0.0000000000,0.0000000000,85.0016522455,0.0000000000,-0.0019767917,278.8768207532,0.0000000000,-0.0064855371,0.0000000000,0.0149757464,0.0000000000,0.0000000000,0.8580470656,0.0000000000,0.0000000000,0.0000017749,0.0000000000,0.0000000000,0.0001016969,0.0000000000
135.0000000000,3048.4383782877,10001.4385690214,0.0000000000,0.0000000000,0.0000000000,0.0000000000,0.0149524418,0.8567118060,0.0000000000,0.0000000000,85.0016922512,0.0000000000,-0.0020972785,278.8769520055,0.0000000000,-0.0068808352,0.0000000000,0.0149771151,0.0000000000,0.0000000000,0.8581254862,0.0000000000,0.0000000000,0.0000018714,0.0000000000,0.0000000000,0.0001072235,0.0000000000
135.7500000000,3048.4399977969,10001.4438823721,0.0000000000,0.0000000000,0.0000000000,0.0000000000,0.0149524075,0.8567098435,0.0000000000,0.0000000000,85.0017208296,0.0000000000,-0.0022220050,278.8770457666,0.0000000000,-0.0072900430,0.0000000000,0.0149785482,0.0000000000,0.0000000000,0.8582075957,0.0000000000,0.0000000000,0.0000019466,0.0000000000,0.0000000000,0.0001115300,0.0000000000
136.5000000000,3048.4417120125,10001.4495064391,0.0000000000,0.0000000000,0.0000000000,0.0000000000,0.0149523878,0.8567087138,0.0000000000,0.0000000000,85.0017379390,0.0000000000,-0.0023496000,278.8771018998,0.0000000000,-0.0077086618,0.0000000000,0.0149800296,0.0000000000,0.0000000000,0.8582924716,0.0000000000,0.0000000000,0.0000020001,0.0000000000,0.0000000000,0.0001145991,0.0000000000
137.2500000000,3048.4435225713,10001.4554465929,0.0000000000,0.0000000000,0.0000000000,0.0000000000,0.0149523825,0.8567084103,0.0000000000,0.0000000000,85.0017436563,0.0000000000,-0.0024786931,278.8771206575,0.0000000000,-0.0081321954,0.0000000000,0.0149815430,0.0000000000,0.0000000000,0.8583791837,0.0000000000,0.0000000000,0.0000020320,0.0000000000,0.0000000000,0.0001164265,0.0000000000
138.0000000000,3048.4454300873,10001.4617048475,0.0000000000,0.0000000000,0.0000000000,0.0000000000,0.0149523913,0.8567089177,0.0000000000,0.0000000000,85.0017381735,0.0000000000,-0.0026079285,278.8771026690,0.0000000000,-0.0085561961,0.0000000000,0.0149830722,0.0000000000,0.0000000000,0.8584668029,0.0000000000,0.0000000000,0.0000020424,0.0000000000,0.0000000000,0.0001170209,0.0000000000
138.7500000000,3048.4474341671,10001.4682799128,0.0000000000,0.0000000000,0.0000000000,0.0000000000,0.0149524140,0.8567102132,0.0000000000,0.0000000000,85.0017217928,0.0000000000,-0.0027359790,278.8770489267,0.0000000000,-0.0089763092,0.0000000000,0.0149846013,0.0000000000,0.0000000000,0.8585544117,0.0000000000,0.0000000000,0.0000020316,0.0000000000,0.0000000000,0.0001164032,0.0000000000
139.5000000000,3048.4495334370,10001.4751672813,0.0000000000,0.0000000000,0.0000000000,0.0000000000,0.0149524498,0.8567122661,0.0000000000,0.0000000000,85.0016949218,0.0000000000,-0.0028615585,278.8769607672,0.0000000000,-0.0093883155,0.0000000000,0.0149861145,0.0000000000,0.0000000000,0.8586411127,0.0000000000,0.0000000000,0.0000020003,0.0000000000,0.0000000000,0.0001146064,0.0000000000
140.2500000000,3048.4517255778,10001.4823593445,0.0000000000,0.0000000000,0.0000000000,0.0000000000,0.0149524982,0.8567150388,0.0000000000,0.0000000000,85.0016580664,0.0000000000,-0.0029834347,278.8768398507,0.0000000000,-0.0097881718,0.0000000000,0.0149875967,0.0000000000,0.0000000000,0.8587260374,0.0000000000,0.0000000000,0.0000019491,0.0000000000,0.0000000000,0.0001116749,0.0000000000
141.0000000000,3048.4540073698,10001.4898455392,0.0000000000,0.0000000000,0.0000000000,0.0000000000,0.0149525584,0.8567184869,0.0000000000,0.0000000000,85.0016118238,0.0000000000,-0.0031004402,278.8766881361,0.0000000000,-0.0101720482,0.0000000000,0.0149890334,0.0000000000,0.0000000000,0.8588083548,0.0000000000,0.0000000000,0.0000018791,0.0000000000,0.0000000000,0.0001076636,0.0000000000
141.7500000000,3048.4563747457,10001.4976125208,0.0000000000,0.0000000000,0.0000000000,0.0000000000,0.0149526295,0.8567225604,0.0000000000,0.0000000000,85.0015568742,0.0000000000,-0.0032114832,278.8765078552,0.0000000000,-0.0105363627,0.0000000000,0.0149904109,0.0000000000,0.0000000000,0.8588872788,0.0000000000,0.0000000000,0.0000017914,0.0000000000,0.0000000000,0.0001026374,0.0000000000
142.5000000000,3048.4588228505,10001.5056443610,0.0000000000,0.0000000000,0.0000000000,0.0000000000,0.0149527105,0.8567272038,0.0000000000,0.0000000000,85.0014939721,0.0000000000,-0.0033155571,278.8763014833,0.0000000000,-0.0108778125,0.0000000000,0.0149917164,0.0000000000,0.0000000000,0.8589620754,0.0000000000,0.0000000000,0.0000016872,0.0000000000,0.0000000000,0.0000966701,0.0000000000
143.2500000000,3048.4613461089,10001.5139227678,0.0000000000,0.0000000000,0.0000000000,0.0000000000,0.0149528004,0.8567323569,0.0000000000,0.0000000000,85.0014239367,0.0000000000,-0.0034117488,278.8760717086,0.0000000000,-0.0111934019,0.0000000000,0.0149929380,0.0000000000,0.0000000000,0.8590320690,0.0000000000,0.0000000000,0.0000015681,0.0000000000,0.0000000000,0.0000898435,0.0000000000
144.0000000000,3048.4639382979,10001.5224273253,0.0000000000,0.0000000000,0.0000000000,0.0000000000,0.0149528982,0.8567379557,0.0000000000,0.0000000000,85.0013476427,0.0000000000,-0.0034992458,278.8758213999,0.0000000000,-0.0114804657,0.0000000000,0.0149940651,0.0000000000,0.0000000000,0.8590966479,0.0000000000,0.0000000000,0.0000014355,0.0000000000,0.0000000000,0.0000822464,0.0000000000
144.7500000000,3048.4665926254,10001.5311357490,0.0000000000,0.0000000000,0.0000000000,0.0000000000,0.0149530025,0.8567439331,0.0000000000,0.0000000000,85.0012660092,0.0000000000,-0.0035773430,278.8755535735,0.0000000000,-0.0117366900,0.0000000000,0.0149950882,0.0000000000,0.0000000000,0.8591552696,0.0000000000,0.0000000000,0.0000012911,0.0000000000,0.0000000000,0.0000739737,0.0000000000
145.5000000000,3048.4693018117,10001.5400241558,0.0000000000,0.0000000000,0.0000000000,0.0000000000,0.0149531122,0.8567502196,0.0000000000,0.0000000000,85.0011799901,0.0000000000,-0.0036454467,278.8752713587,0.0000000000,-0.0119601275,0.0000000000,0.0149959992,0.0000000000,0.0000000000,0.8592074644,0.0000000000,0.0000000000,0.0000011366,0.0000000000,0.0000000000,0.0000651250,0.0000000000
146.2500000000,3048.4720581752,10001.5490673434,0.0000000000,0.0000000000,0.0000000000,0.0000000000,0.0149532261,0.8567567438,0.0000000000,0.0000000000,85.0010905632,0.0000000000,-0.0037030790,278.8749779635,0.0000000000,-0.0121492096,0.0000000000,0.0149967911,0.0000000000,0.0000000000,0.8592528388,0.0000000000,0.0000000000,0.0000009740,0.0000000000,0.0000000000,0.0000558034,0.0000000000
147.0000000000,3048.4748537197,10001.5582390778,0.0000000000,0.0000000000,0.0000000000,0.0000000000,0.0149533428,0.8567634338,0.0000000000,0.0000000000,85.0009987198,0.0000000000,-0.0037498794,278.8746766399,0.0000000000,-0.0123027544,0.0000000000,0.0149974585,0.0000000000,0.0000000000,0.8592910778,0.0000000000,0.0000000000,0.0000008049,0.0000000000,0.0000000000,0.0000461151,0.0000000000
147.7500000000,3048.4776802235,10001.5675123846,0.0000000000,0.0000000000,0.0000000000,0.0000000000,0.0149534612,0.8567702174,0.0000000000,0.0000000000,85.0009054540,0.0000000000,-0.0037856067,278.8743706497,0.0000000000,-0.0124199700,0.0000000000,0.0149979973,0.0000000000,0.0000000000,0.8593219466,0.0000000000,0.0000000000,0.0000006312,0.0000000000,0.0000000000,0.0000361673,0.0000000000
148.5000000000,3048.4805293284,10001.5768598419,0.0000000000,0.0000000000,0.0000000000,0.0000000000,0.0149535800,0.8567770230,0.0000000000,0.0000000000,85.0008117527,0.0000000000,-0.0038101383,278.8740632307,0.0000000000,-0.0125004542,0.0000000000,0.0149984047,0.0000000000,0.0000000000,0.8593452907,0.0000000000,0.0000000000,0.0000004550,0.0000000000,0.0000000000,0.0000260675,0.0000000000
149.2500000000,3048.4833926284,10001.5862538709,0.0000000000,0.0000000000,0.0000000000,0.0000000000,0.0149536979,0.8567837803,0.0000000000,0.0000000000,85.0007185855,0.0000000000,-0.0038234690,278.8737575641,0.0000000000,-0.0125441900,0.0000000000,0.0149986796,0.0000000000,0.0000000000,0.8593610366,0.0000000000,0.0000000000,0.0000002779,0.0000000000,0.0000000000,0.0000159227,0.0000000000
150.0000000000,3048.4862617567,10001.5956670220,0.0000000000,0.0000000000,0.0000000000,0.0000000000,0.0149538139,0.8567904213,0.0000000000,0.0000000000,85.0006268954,0.0000000000,-0.0038257084,278.8734567434,0.0000000000,-0.0125515372,0.0000000000,0.0149988219,0.0000000000,0.0000000000,0.8593691899,0.0000000000,0.0000000000,0.0000001019,0.0000000000,0.0000000000,0.0000058378,0.0000000000
